id,_natsuno<jpn>,natsuno<eng>,_kiko<jpn>,kiko<eng>,_shino<jpn>,shino<eng>,_akane<jpn>,akane<eng>,_minamo<jpn>,minamo<eng>,_itsuka<jpn>,itsuka<eng>,_hinase<jpn>,hinase<eng>,_meguru<jpn>,meguru<eng>
talk00,{0},{0},{0},{0},{0},{0},{0},{0},{0},{0},{0},{0},{0},{0},{0},{0}
timeElapsed00,......<br>............<br>........................,......<br>............<br>........................,......<br>............<br>........................,......<br>............<br>........................,......<br>............<br>........................,......<br>............<br>........................,......<br>............<br>........................,......<br>............<br>........................,......<br>............<br>........................,......<br>............<br>........................,......<br>............<br>........................,......<br>............<br>........................,......<br>............<br>........................,......<br>............<br>........................,......<br>............<br>........................,......<br>............<br>........................
ok00,おっけー,Okay.,はい！,Yes!,りょーかい！,Gotcha!,おっけーい,<PLEASE_TRANSLATE>,ん。おっけ,<PLEASE_TRANSLATE>,......わかった,<PLEASE_TRANSLATE>,わかりました！,<PLEASE_TRANSLATE>,お、おっけーっす,<PLEASE_TRANSLATE>
ok01,ん。おっけ,Mm. Okay.,はい......,Yes......,あいよ！,Sure thing!,りょーかい,<PLEASE_TRANSLATE>,りょーかい,<PLEASE_TRANSLATE>,了解,<PLEASE_TRANSLATE>,ええ。わかった,<PLEASE_TRANSLATE>,お、おっけー......,<PLEASE_TRANSLATE>
ok02,わかった,Got it.,わかりました！,I understand!,わかった！,Got it!,んー。わかったー,<PLEASE_TRANSLATE>,わかった......,<PLEASE_TRANSLATE>,うん。わかった,<PLEASE_TRANSLATE>,はい,<PLEASE_TRANSLATE>,わかりました！,<PLEASE_TRANSLATE>
find_move00,{0}を見つけた。行ってみるね......,I found {0}. I'll go check it out......,{0}があります......。そっち行きますね......,There's {0}...... I'll go that way......,{0}を見つけたよ！　行ってみる！,I found {0}! Let's go check it out!,{0}があるね。そっち行こーっと,<PLEASE_TRANSLATE>,{0}があるね。そっち行こうっと,<PLEASE_TRANSLATE>,{0}を見つけた。行ってみる,<PLEASE_TRANSLATE>,{0}を見つけました。行ってみましょう,<PLEASE_TRANSLATE>,{0}見っけた！　行ってみよー,<PLEASE_TRANSLATE>
find_move01,{0}があるね。そっち行ってみる......,There's {0} over there. I'll go check it out......,{0}、見つけました......怖いけど、行ってみます......,"I found {0}...... It's scary, but I'll go take a look......",{0}、見つけた。行ってみよ～,Found {0}. Let's go～,{0}、みーっけ。行ってみるー,<PLEASE_TRANSLATE>,{0}、見つけた。行ってみるよ,<PLEASE_TRANSLATE>,{0}がある......。そっち行ってみる,<PLEASE_TRANSLATE>,{0}がありますね。そっちに......,<PLEASE_TRANSLATE>,{0}があるっす......そっち行ってみる......,<PLEASE_TRANSLATE>
find_move02,{0}、だね。行ってみよ,{0}， huh. Let's go check it out.,{0}がありますね......。行ってみます......,There's {0}...... I'll go take a look......,{0}、だね、そっち行ってみる！,"It's {0}, right? Let's head over there!",{0}、見つけた。何があるかなー,<PLEASE_TRANSLATE>,{0}、発見。なんかあるといいな......,<PLEASE_TRANSLATE>,{0}、だ。行ってみる,<PLEASE_TRANSLATE>,{0}、ですね。行ってみましょうか,<PLEASE_TRANSLATE>,{0}、っすね。行ってみます......,<PLEASE_TRANSLATE>
pre_move00,{0}の方に行ってみる......,I'll head toward {0}......,{0}の方、行ってみます......,I'll go toward {0}......,{0}に向かうね！,I'm heading to {0}!,{0}の方、行ってみるー,<PLEASE_TRANSLATE>,{0}の方、いくよ,<PLEASE_TRANSLATE>,{0}の方、行ってみる,<PLEASE_TRANSLATE>,{0}の方に行ってみます......,<PLEASE_TRANSLATE>,{0}の方、行ってみよ,<PLEASE_TRANSLATE>
pre_move01,{0}に向かうよ......,I'm heading toward {0}......,{0}に、向かいます......,I'm heading to {0}......,{0}だね。行く！,It's {0}. Let's go!,{0}、かー。行ってみる,<PLEASE_TRANSLATE>,{0}......行こうか,<PLEASE_TRANSLATE>,{0}に向かうよ,<PLEASE_TRANSLATE>,{0}に向かいます......,<PLEASE_TRANSLATE>,{0}に向かうっす......,<PLEASE_TRANSLATE>
pre_move02,{0}の方、行こっか,Let's head toward {0}.,{0}、ですね......行きます......,"{0}, right......? I'll go......",{0}の方、行くよ,I'm going toward {0},{0}の方、向かうよー,<PLEASE_TRANSLATE>,{0}、ね。よし、いく,<PLEASE_TRANSLATE>,{0}の方、行こう,<PLEASE_TRANSLATE>,{0}の方、行きましょう,<PLEASE_TRANSLATE>,{0}に行ってみよ,<PLEASE_TRANSLATE>
pre_moveFollowRequest00,ね、いこ,Hey， let's go.,あの......行きましょう......？,Um...... Shall we go......?,ほら、いこ！,"Come on, let's go!",いくよー？,<PLEASE_TRANSLATE>,ね。いこうよ,<PLEASE_TRANSLATE>,ねぇ。行こうか,<PLEASE_TRANSLATE>,ねぇ。行きましょうよ？,<PLEASE_TRANSLATE>,あ、あの......行ってもいいっすか......？,<PLEASE_TRANSLATE>
pre_moveFollowRequest01,ほら、いこ？,Come on， let's go?,......い、行きません？,......A-are we going......?,ねー、行こうよー,"Hey, let's go～",ねー、いこー？,<PLEASE_TRANSLATE>,......行ってもいい？,<PLEASE_TRANSLATE>,ほら、早く行こう,<PLEASE_TRANSLATE>,ねぇ、ほら、行きません？,<PLEASE_TRANSLATE>,ほらほら、いこいこ！,<PLEASE_TRANSLATE>
pre_moveFollowRequest02,......行かない？,......Aren't we going?,い、行ってもいいですか......？,I-is it okay if I go......?,待ってるよー？,I'm waiting～?,ほらほら、いこうよー,<PLEASE_TRANSLATE>,ねぇ.......。行かん？,<PLEASE_TRANSLATE>,......行こうか,<PLEASE_TRANSLATE>,......行きませんか？,<PLEASE_TRANSLATE>,......行かない......っすか？,<PLEASE_TRANSLATE>
moveFollow00,おっけ。いこ,Okay. Let's go.,はい！　いま行きます......！,Yes! I'll be there in a moment......!,おっけーい。そっち行くね,Okaaay. I'm coming over,あいあい。いこ,<PLEASE_TRANSLATE>,あいよ。いくいく,<PLEASE_TRANSLATE>,わかった。行く,<PLEASE_TRANSLATE>,はい！　行きましょう,<PLEASE_TRANSLATE>,おっけーい,<PLEASE_TRANSLATE>
moveFollow01,わかった......今いく,Got it...... I'm coming.,あ、はい！　いきます,"Ah, yes! I'm going",お、いいね。いくよ,"Oh, nice. Let's go",んー？　おっけーい,<PLEASE_TRANSLATE>,んー......。おっけ、いく,<PLEASE_TRANSLATE>,......行くよ,<PLEASE_TRANSLATE>,わかりました。行きますね,<PLEASE_TRANSLATE>,あ、はい！　行きます！,<PLEASE_TRANSLATE>
moveFollow02,ちょっと待って......<br>よし、行く,Wait a sec......<br>Okay， let's go.,ちょっとだけ待ってください......<br>......よし、行きます！,"Please wait just a moment......<br>......Okay, let's go!",ちょっと待ってね......<br>......よし、いく！,"Wait a sec......<br>......Okay, let's go!",ちょい待ち......<br>うん、おっけ。いこ,<PLEASE_TRANSLATE>,ちょい待ってよ......<br>おけい。いくー,<PLEASE_TRANSLATE>,ちょっと待ってほしい......<br>よし。行こう,<PLEASE_TRANSLATE>,もう少しだけ......<br>......はい、もう大丈夫。行きます,<PLEASE_TRANSLATE>,あとちょっとだけ......はい！　行くっす！,<PLEASE_TRANSLATE>
move00,<button>{0}</button>に来たよ,We are in <button>{0}</button>.,<button>{0}</button>に来ました......,I'm at <button>{0}</button>......,<button>{0}</button>に来たよ。さて......,I'm at <button>{0}</button>. Okay......,<button>{0}</button>みたいだねー,<PLEASE_TRANSLATE>,<button>{0}</button>かな,<PLEASE_TRANSLATE>,<button>{0}</button>に来た,<PLEASE_TRANSLATE>,<button>{0}</button>に来ました,<PLEASE_TRANSLATE>,<button>{0}</button>、きたー,<PLEASE_TRANSLATE>
move01,<button>{0}</button>だね。あたりを調べてみる......,So this is <button>{0}</button>. I'll look around......,<button>{0}</button>ですね。何かあるかな......,"It's <button>{0}</button>, isn't it......? I wonder if there's anything here......",<button>{0}</button>だね。何かあるかな～,"It's <button>{0}</button>, huh. Wonder what's here～",<button>{0}</button>だよ。ふーむ？,<PLEASE_TRANSLATE>,<button>{0}</button>だね。さてはて......,<PLEASE_TRANSLATE>,<button>{0}</button>だ。あたりを調べてみる,<PLEASE_TRANSLATE>,<button>{0}</button>ですね。その辺りを調べてみます......,<PLEASE_TRANSLATE>,<button>{0}</button>っすね。あたりを調べよう......,<PLEASE_TRANSLATE>
move02,<button>{0}</button>、到着。さて、何かあるかな,<button>{0}</button>， here we are. Well， I wonder if there's anything here......,<button>{0}</button>来ました。えーっと......,I came to <button>{0}</button>...... Um......,あい、<button>{0}</button>に来たよ。ふーむ......,"Yep, I'm at <button>{0}</button>. Hmm......",<button>{0}</button>、来たよ。何かあるかなーっと,<PLEASE_TRANSLATE>,<button>{0}</button>、到着。なんかあるかねー,<PLEASE_TRANSLATE>,<button>{0}</button>に到着。何かあるといいけど......,<PLEASE_TRANSLATE>,<button>{0}</button>、到着です。さて、何かありますかね,<PLEASE_TRANSLATE>,<button>{0}</button>にやって来たよ！　さて、めぼしいものは......,<PLEASE_TRANSLATE>
move_locked00,鍵がかかってて開かない......,It's locked. I can't open it......,鍵がかかってて開かないです......,It's locked...... I can't open it......,ありゃ、鍵かかってる......。残念,"Aw, it's locked...... Bummer",鍵がかかってるっぽい。開けられないねー、こりゃ,<PLEASE_TRANSLATE>,これ......鍵かかっとるね。これは......開けらんない,<PLEASE_TRANSLATE>,......鍵がかかってて開かない,<PLEASE_TRANSLATE>,あら......鍵がかかってるみたいですね。開きません......,<PLEASE_TRANSLATE>,か、鍵がかかってて開かないっす......,<PLEASE_TRANSLATE>
move_unlock00,{0}で鍵をこじ開けた。やったね......,I forced it open with {0}. Nice......,{0}で鍵をこじ開けました！,I forced the lock open with {0}!,{0}で鍵を開けたよ！　よしよし,"I unlocked it with {0}! Nice, nice",{0}で鍵を開けたよ。無理やりだけど、ま、しょーがないよね,<PLEASE_TRANSLATE>,{0}で、鍵、開けたよ。おけおけ,<PLEASE_TRANSLATE>,{0}で鍵をこじ開けた。よし......,<PLEASE_TRANSLATE>,{0}で鍵をこじ開けました！　よーし......,<PLEASE_TRANSLATE>,{0}で鍵をこじ開けた！　やればできる子！,<PLEASE_TRANSLATE>
move_failed00,え......今、そこ、いるよ......？,Huh...... I'm right here， aren't I......?,え......？　今、そこにいますよ......？,Huh......? I'm right there......?,え？　今、そこだけど？,"Huh? I'm right there, though?",えー？　今、そこにいるよー？,<PLEASE_TRANSLATE>,.......え？　今、そこ、おるよ？,<PLEASE_TRANSLATE>,......？　今、そこにいるんだけど......,<PLEASE_TRANSLATE>,えーと......？　今、私、そこにいますよ？,<PLEASE_TRANSLATE>,え......い、今、そこ、いるっすけど......？,<PLEASE_TRANSLATE>
visitStage00,何か見つかるといいけど......,I hope we find something......,何か残ってますかね......,I wonder if there's anything left......,何があーるっかなっと,Let's see what we caaan find,何かあるかなー,<PLEASE_TRANSLATE>,なんかあるかねー,<PLEASE_TRANSLATE>,何か見つかるといいけど......,<PLEASE_TRANSLATE>,何か見つかるといいですね,<PLEASE_TRANSLATE>,何かないかなー,<PLEASE_TRANSLATE>
visitStage01,誰もいない......よね......,Nobody's here...... right......?,誰もいない......ですよね......,No one is here...... right......?,何かないかなー,I wonder if there's anything here,さてさてー？,<PLEASE_TRANSLATE>,はてはて......,<PLEASE_TRANSLATE>,何か残ってるかな......,<PLEASE_TRANSLATE>,誰かいませんかね......,<PLEASE_TRANSLATE>,ここには何があーるかな,<PLEASE_TRANSLATE>
visitStage02,さて......,Well......,うーんと......何かあるかな......,Um...... I wonder if there's anything here......,さーて......,Soo......,さーてっと,<PLEASE_TRANSLATE>,なーんかないかなーっと,<PLEASE_TRANSLATE>,さて......ここは......,<PLEASE_TRANSLATE>,さて......,<PLEASE_TRANSLATE>,さてさてさて......,<PLEASE_TRANSLATE>
selection00,{0}があるけど......。どうしよっか？,There's {0}...... What should we do?,{0}があります......。どれにします......？,There's {0}...... Which one should we take......?,{0}があるね。......どする？,There's {0}. ......What do we do?,{0}、見つけたー。どーする？,<PLEASE_TRANSLATE>,{0}......があるんだけど。どーしよ？,<PLEASE_TRANSLATE>,{0}がある......。どうする？,<PLEASE_TRANSLATE>,{0}があります......。どうします？,<PLEASE_TRANSLATE>,{0}がある......えー、どうしよ？,<PLEASE_TRANSLATE>
selected00,おっけー,Okay.,はい！,Yes!,りょーかい！,Gotcha!,おっけーい,<PLEASE_TRANSLATE>,おけーい,<PLEASE_TRANSLATE>,わかった,<PLEASE_TRANSLATE>,わかりました,<PLEASE_TRANSLATE>,わかりましたっす！,<PLEASE_TRANSLATE>
selectionSearch00,{0}があるけど......。どれ見てみよっか？,There's {0}...... Which one should we check out?,{0}があります......。どれ調べてみます......？,There's {0}...... Which one should I check......?,{0}があるね。......どれ調べてみる？,There's {0}. ......Which one should we check?,{0}があるねー。どれ見てみよっかー？,<PLEASE_TRANSLATE>,{0}があるけど......どれ見てみるん？,<PLEASE_TRANSLATE>,{0}がある......。どれ見てみようか？,<PLEASE_TRANSLATE>,{0}があります......。どれ見てみましょう？,<PLEASE_TRANSLATE>,{0}があるっすけど......。どれ見てみます......？,<PLEASE_TRANSLATE>
selectionAction00,{0}......。どうする？,{0}...... What should we do?,{0}......。どうしましょう......？,{0}...... What should we do......?,{0}......。うーん、どする？,"{0}...... Hmm, what do we do?",{0}......。んー。どーしよっか？,<PLEASE_TRANSLATE>,{0}......。うーむ。どする？,<PLEASE_TRANSLATE>,{0}......。どうする？,<PLEASE_TRANSLATE>,{0}......。どうします？,<PLEASE_TRANSLATE>,{0}......。どうしよ？,<PLEASE_TRANSLATE>
pre_itemGet00,{0}を調べてみる......,I'll check out {0}......,{0}を見てみます......,I'll take a look at {0}......,{0}を見てみるよ......,I'll take a look at {0}......,{0}を調べてみるー......,<PLEASE_TRANSLATE>,{0}、調べてみる......,<PLEASE_TRANSLATE>,{0}を調べてみる,<PLEASE_TRANSLATE>,{0}を調べてみます......,<PLEASE_TRANSLATE>,{0}、見てみよー,<PLEASE_TRANSLATE>
pre_itemGet01,{0}、見てみるね......,I'll take a look at {0}......,{0}、調べてみます......,I'll check {0}......,{0}、調べてみるね,I'll check out {0},{0}、見てみるねー,<PLEASE_TRANSLATE>,{0]、見てみよ,<PLEASE_TRANSLATE>,{0}を見てみる,<PLEASE_TRANSLATE>,{0}、見てみます......,<PLEASE_TRANSLATE>,{0}、見てみるっす！,<PLEASE_TRANSLATE>
pre_itemGet02,{0}......何かあるかな......,{0}...... I wonder if there's anything here......,うーん......{0}......何か見つかるかな......,Hmm...... {0}...... I wonder if I'll find anything......,{0}かー......何かあるかな～,"{0}, huh...... Wonder what's in there～",さて、{0}......何か出てくるといいなー,<PLEASE_TRANSLATE>,{0}......ね。なんかあるかな,<PLEASE_TRANSLATE>,{0}......何かあるといいけど,<PLEASE_TRANSLATE>,{0}......何かありますかね......,<PLEASE_TRANSLATE>,{0}......何かないかなー,<PLEASE_TRANSLATE>
itemGet00,<button>{0}</button>を見つけた。もらっていこ,I found <button>{0}</button>. I'll take it.,<button>{0}</button>を見つけました！　ごめんなさい、いただきます......！,I found <button>{0}</button>! Sorry...... I'll take it......!,<button>{0}</button>を見つけたよ！　らっきー！,I found <button>{0}</button>! Lucky!,<button>{0}</button>、みっけー,<PLEASE_TRANSLATE>,<button>{0}</button>、みっけた,<PLEASE_TRANSLATE>,<button>{0}</button>を見つけた。もらっていく,<PLEASE_TRANSLATE>,<button>{0}</button>を見つけました。いただいていきます,<PLEASE_TRANSLATE>,<button>{0}</button>、見つけた。いただき！,<PLEASE_TRANSLATE>
itemGet01,<button>{0}</button>、見つけたよ,Found <button>{0}</button>.,<button>{0}</button>ですね......いただいていきます......,It's <button>{0}</button>...... I'll take it with me......,<button>{0}</button>、だね。もらってこーっと,"<button>{0}</button>, huh. I'll take it",<button>{0}</button>見つけた。もらっちゃお,<PLEASE_TRANSLATE>,<button>{0}</button>、見つけた。もらってこう,<PLEASE_TRANSLATE>,<button>{0}</button>、見つけた,<PLEASE_TRANSLATE>,<button>{0}</button>、です。もらってしまいますね,<PLEASE_TRANSLATE>,<button>{0}</button>、みーっけ！,<PLEASE_TRANSLATE>
itemGet02,<button>{0}</button>......。もらっていこ,<button>{0}</button>...... I'll take it.,<button>{0}</button>、見つけました,I found <button>{0}</button>,<button>{0}</button>......大事に使いますんで！,<button>{0}</button>...... I'll make good use of it!,<button>{0}</button>、見つけたよー,<PLEASE_TRANSLATE>,<button>{0}</button>、はっけん......,<PLEASE_TRANSLATE>,<button>{0}</button>......。もらってく,<PLEASE_TRANSLATE>,<button>{0}</button>......。いただきます,<PLEASE_TRANSLATE>,<button>{0}</button>、発見！　もらっちゃおー,<PLEASE_TRANSLATE>
itemCountMax00,<button>{0}</button>を見つけたけど......これ以上持てないな......,I found <button>{0}</button>， but...... I can't carry anything else......,すみません......<button>{0}</button>、見つけたんですけど......カバンがいっぱいで......,"Sorry...... I found <button>{0}</button>, but...... my bag is full......",<button>{0}</button>見つけた！　でも手持ちがいっぱいだ！,I found <button>{0}</button>! But my bag's full!,<button>{0}</button>、見つけたけれど、手持ちがいっぱいだね,<PLEASE_TRANSLATE>,<button>{0}</button>、見つけたけど......これ以上は持てんなぁ,<PLEASE_TRANSLATE>,<button>{0}</button>を見つけたけど......これ以上持てそうにない,<PLEASE_TRANSLATE>,<button>{0}</button>を見つけました......でも、これ以上持てませんね......,<PLEASE_TRANSLATE>,<button>{0}</button>を見つけた......けど、これ以上持てない......,<PLEASE_TRANSLATE>
itemThrowConfirm00,どれ捨てていこっか？,Which one should we leave behind?,どれを置いていきましょうか......,Which one should we leave behind......?,どれ捨ててく？,Which one should I toss?,うーむ、どれを置いてく？,<PLEASE_TRANSLATE>,どれ、置いてくん？,<PLEASE_TRANSLATE>,どれ捨てていく？,<PLEASE_TRANSLATE>,どれ捨てていきます？,<PLEASE_TRANSLATE>,仕方ない......どれ捨てていこうかな......,<PLEASE_TRANSLATE>
itemThrowFailed00,え？　捨てていきたいやつの名前、答えてくれる？,Huh? Can you tell me the name of the thing you want to leave behind?,えと......どれを、置いていけばいいでしょうか......？,Um...... Which one should we leave behind......?,どれを捨ててくか、選んでくんない？,Can you pick which one to toss?,んー？　どれを置いていくか、選んでくんない？,<PLEASE_TRANSLATE>,え？　どれ置いてくか、選んでほしいんだけど？,<PLEASE_TRANSLATE>,......？　捨てていきたいやつの名前、答えてほしい,<PLEASE_TRANSLATE>,え？　捨てていきたいものの名前を、答えていただけますか？,<PLEASE_TRANSLATE>,え、えーと......捨てていきたいやつの名前、答えてほしいっす......,<PLEASE_TRANSLATE>
itemThrowCancel00,じゃあ、{0}もらっていこ,Then I'll take {0}.,じゃあ、{0}はもらっていきますね......！,Then I'll take {0} with me......!,じゃ、{0}はあたしがもらっちゃお,Then I'll take {0},じゃあ、{0}はもらっちゃうねー,<PLEASE_TRANSLATE>,じゃ、{0}はもらってく,<PLEASE_TRANSLATE>,じゃ、{0}もらっていく,<PLEASE_TRANSLATE>,じゃあ、{0}、もらっていきますね,<PLEASE_TRANSLATE>,じゃあ、{0}もらっていこーっと,<PLEASE_TRANSLATE>
itemThrow00,おっけ。じゃ、{0}は置いてくね,Okay. Then I'll leave {0} here.,はい！　{0}を置いていきます！,Yes! I'll leave {0} here!,らじゃ！　{0}よ、さらば！,"Roger! Goodbye, {0}!",うん。そーしよ。{0}、置いてく,<PLEASE_TRANSLATE>,おけい。{0}は置いてくよ,<PLEASE_TRANSLATE>,わかった。じゃあ、{0}は置いていく,<PLEASE_TRANSLATE>,はい。それでは、{0}は置いていきます。残念ですけど,<PLEASE_TRANSLATE>,じゃ、{0}は置いてくっす,<PLEASE_TRANSLATE>
itemThrowMore00,まだ荷物いっぱい......他に、何捨ててく？,My bag's still full...... What else should I leave behind?,まだ荷物いっぱいですね......他に、何置いていきます？,My bag is still full...... What else should we leave behind?,まだ荷物いっぱいだね......他に、何捨ててこっか？,My bag's still full...... What else should we toss?,まだ荷物いっぱいだねー。他に、何捨ててくー？,<PLEASE_TRANSLATE>,まだ荷物がたくさんだね。ほか、何置いてく？,<PLEASE_TRANSLATE>,まだ荷物がいっぱいだ......他に、何捨てていく？,<PLEASE_TRANSLATE>,まだ荷物いっぱいですね......他に、何捨てていきましょう？,<PLEASE_TRANSLATE>,まだ荷物いっぱいだ......他に、何捨ててくっすか？,<PLEASE_TRANSLATE>
itemUnuseable00,......え、今使えるものじゃなくない？,......Huh? Isn't that something we can still use?,え......？　今は使えません......,Huh......? I can't use it right now......,うん？　今使えなくない？,Huh? Can't we use it right now?,......？　それを今、どうしろってー？,<PLEASE_TRANSLATE>,うん？　それ今、どうにかしようある？,<PLEASE_TRANSLATE>,......？　今使えるものじゃないと思う,<PLEASE_TRANSLATE>,え......？　えーと......それは、今、使えるものですか......？,<PLEASE_TRANSLATE>,......え、今使えるものじゃない......かも,<PLEASE_TRANSLATE>
itemUnuseable_equip00,え......もう装備してるけど？,Huh...... I'm already equipped with that， though?,あの......もう装備してます......,Um...... I'm already wearing it......,え、もう装備してるよ？,"Huh, you're already wearing it?",えー？　もう装備してるけどー？,<PLEASE_TRANSLATE>,？　もう装備しとるよ？,<PLEASE_TRANSLATE>,......？　もう装備してるよ,<PLEASE_TRANSLATE>,え......もう装備してますよね......？,<PLEASE_TRANSLATE>,え......も、もう装備してるっす......,<PLEASE_TRANSLATE>
itemUnuseable_food00,料理に使えそうだね。帰ったら何つくろっかなー,Looks like we could use it for cooking. I wonder what I should make when we get back.,料理に使えそうですね。......今、料理は、ちょっと......,"It looks like it could be used for cooking...... But, um...... not right now......",料理に使えそうだね！　帰ったらやってみよ,Looks like we could use it for cooking! Let's try it when we get back,料理に使えるかもねー。今晩は何にしよっかなー,<PLEASE_TRANSLATE>,料理に使えるかも......。今晩は何かなぁ,<PLEASE_TRANSLATE>,料理に使えそうだ。帰ったら何つくろうか,<PLEASE_TRANSLATE>,料理に使えそうです。今日は何にしましょうかね,<PLEASE_TRANSLATE>,料理に使えそう！　帰ったら何つくってくれるかなー,<PLEASE_TRANSLATE>
itemUnuseable_tool00,え......もう手に持ってるけど？,Huh...... I'm already holding that， though?,あの......もう手に持ってます......,Um...... I'm already holding it......,え、もう手に持ってるよ？,"Huh, you're already holding it?",えー？　もう手に持ってるけどー？,<PLEASE_TRANSLATE>,うーん？　もう手に持ってるよ？,<PLEASE_TRANSLATE>,え......。もう手に持ってるけど,<PLEASE_TRANSLATE>,え？　もう手に持ってますよ？,<PLEASE_TRANSLATE>,えと......も、もう手に持ってるっす......,<PLEASE_TRANSLATE>
itemDrop00,あ......なんか出てきた......,Ah...... something came out......,わっ......なんか出てきました......,Ah...... something came out......,お！　なんか出てきた！,Oh! Something came out!,おー？　なんか出てきたねー,<PLEASE_TRANSLATE>,おおっと......なんか出てきた,<PLEASE_TRANSLATE>,ん......。なんか出てきた,<PLEASE_TRANSLATE>,あ......何か出てきました......,<PLEASE_TRANSLATE>,あ......なんか出てきた......,<PLEASE_TRANSLATE>
itemFind00,あ、こんなとこに......,Oh， here it is......,あ......こんなところに,Ah...... It's here,お！　こんなとこに！,Oh! Look at that!,おー。こんなところにー？,<PLEASE_TRANSLATE>,おっと......こんなとこに,<PLEASE_TRANSLATE>,あ......こんなところに,<PLEASE_TRANSLATE>,あら......まぁ、こんなところに,<PLEASE_TRANSLATE>,あ、こんなとこに......？,<PLEASE_TRANSLATE>
itemFindByLetter00,あ......<br>これが、書き置きにあったやつかな......,Ah......<br>Is this the thing from the note......?,あ......<br>これが、書き置きにあったやつ、ですかね......,"Ah......<br>This is the one mentioned in the note, I think......",あ！<br>これが、書き置きにあったやつ、っぽいね！,Ah!<br>This looks like the thing from the note!,お......<br>これが、書き置きにあったやつ、だねー,<PLEASE_TRANSLATE>,お......<br>これが、書き置きにあったやつかな,<PLEASE_TRANSLATE>,お......<br>これが、書き置きにあったやつ、だろうね,<PLEASE_TRANSLATE>,あ......<br>これが、書き置きにあったやつ、ですかね？,<PLEASE_TRANSLATE>,おお......<br>これが、書き置きにあったやつでは......？,<PLEASE_TRANSLATE>
itemInteract00,{0}、{1}に使ってみる......,I'll try using {0} on {1}......,{0}を{1}に使ってみますね......,I'll try using {0} on {1}......,{0}、{1}に使ってみるね！,I'll try using {0} on {1}!,{0}、{1}に使ってみるー,<PLEASE_TRANSLATE>,{0}、{1}に使ってみよ,<PLEASE_TRANSLATE>,{0}を、{1}に使ってみる,<PLEASE_TRANSLATE>,{0}、{1}に使ってみます......,<PLEASE_TRANSLATE>,{0}、{1}に使ってみるっす......,<PLEASE_TRANSLATE>
itemInteractConfirm00,{0}......どれに使うの？,{0}...... What should I use it on?,{0}......えと、どれに使いましょう？,"{0}...... Um, what should we use it on?",{0}......どれに使うの？,{0}...... Which one are we using it on?,{0}......どれに使うー？,<PLEASE_TRANSLATE>,{0}......どれに使うん？,<PLEASE_TRANSLATE>,{0}......どれに使う？,<PLEASE_TRANSLATE>,{0}......どれに使うんでしょう？,<PLEASE_TRANSLATE>,{0}......どれに使うの？　......っす,<PLEASE_TRANSLATE>
itemInteractFailed00,んー......<br>これに使ってもだめみたい,Hmm......<br>Looks like it doesn't work on this.,うーんと......<br>これには使いえないみたいです......,Hmm......<br>It doesn't seem like I can use it on this......,ん－、だめっぽいね<br>これに使うものじゃないや,"Hmm, doesn't look like it<br>Guess that's not what this is for",んー......<br>これに使うのは無理そうだよ,<PLEASE_TRANSLATE>,えー......<br>これに使うのはきびしくない？,<PLEASE_TRANSLATE>,......いや<br>これに使ってもだめみたいだ,<PLEASE_TRANSLATE>,えーと......<br>これに使っても、だめみたいです,<PLEASE_TRANSLATE>,え、ええと......<br>これに使ってもだめっぽいっす......,<PLEASE_TRANSLATE>
itemInteractCancel00,それ......には、使えなくない？,Can't we use that...... on it?,え......それには使えないと思います......,Huh...... I don't think we can use it on that......,え？　それには使えなくない？,"Huh? Can't use it on that, can we?",えー？　それに使うのは無理じゃない？,<PLEASE_TRANSLATE>,んん......？<br>それには使えんのでは......？,<PLEASE_TRANSLATE>,それには......使えないと思う,<PLEASE_TRANSLATE>,それ......には、使えないかと......,<PLEASE_TRANSLATE>,それ......には、使えなくない......っすか......？,<PLEASE_TRANSLATE>
itemBroken00,あ......{0}、壊れちゃった......,Ah...... {0} broke......,あっ......{0}、壊れちゃいました......,Ah...... {0} broke......,あ！　{0}、壊れちゃったよ......,Ah! {0} broke......,あや、{0}、壊れちゃった......,<PLEASE_TRANSLATE>,あ、{0}、壊れちゃった,<PLEASE_TRANSLATE>,あ......{0}、壊れた......,<PLEASE_TRANSLATE>,あ......{0}、壊れてしまいました......<br>お別れですね......,<PLEASE_TRANSLATE>,あ......{0}、壊れた......。す、すみません！,<PLEASE_TRANSLATE>
itemDropEnemy00,あ......{0}が何か落としてる......,Ah...... {0} dropped something......,あ......{0}、何か落としました......,Ah...... {0} dropped something......,お？　{0}が何か落としたねー,Oh? {0} dropped something～,お。{0}が何か落としたっぽい......,<PLEASE_TRANSLATE>,おー......{0}、何か落としとる......,<PLEASE_TRANSLATE>,あ......{0}が、何か落としてる,<PLEASE_TRANSLATE>,あ......{0}が何か落としたみたいです......,<PLEASE_TRANSLATE>,あ！　{0}が何か落としてる！,<PLEASE_TRANSLATE>
itemGetBonus00,あ......<br><button>{0}</button>、見つけた<br>車に積んどく,Ah......<br>I found <button>{0}</button>.<br>I'll put it in the car.,あ......<br><button>{0}</button>、見つけました......<br>車に積んどきますね,Ah......<br>I found <button>{0}</button>......<br>I'll put it in the car,お......<br><button>{0}</button>、見つけた！<br>車に積んどくねー！,Oh......<br>I found <button>{0}</button>!<br>I'll load it into the car～,お。<br><button>{0}</button>、みーっけ<br>車に積んどくねー,<PLEASE_TRANSLATE>,あー。<br><button>{0}</button>、見つけた<br>車に積んどけばいいよね,<PLEASE_TRANSLATE>,あ......<br><button>{0}</button>、見つけた<br>車に積んでおこう,<PLEASE_TRANSLATE>,あ......<br><button>{0}</button>、見つけました<br>車に乗せておきます,<PLEASE_TRANSLATE>,お......<br><button>{0}</button>、見つけた<br>車に積んどくっす,<PLEASE_TRANSLATE>
itemGetRecord00,{0}件、旅したね<br>せっかくだし、地図に描いとこ<br>......<br>......よし,We've traveled through {0} places.<br>Might as well mark them on the map.<br>......<br>......Okay.,{0}件、旅しました......<br>せっかくだし、地図に描いておきます<br>......<br>......よし,"We've traveled to {0} places......<br>Since we're here, I'll mark them on the map<br>......<br>......Okay",{0}件、旅したね！<br>せっかくだし、地図に描いとこー<br>......<br>......よーし！,We've traveled to {0} places!<br>Might as well mark them on the map～<br>......<br>......Okay!,{0}件、旅したねー<br>せっかくだし、地図に描いとこーっと<br>......<br>......よーし,<PLEASE_TRANSLATE>,{0}件、旅したよ<br>せっかくだし、地図に描いとこ<br>......<br>......よし,<PLEASE_TRANSLATE>,{0}件、旅したかな<br>せっかくだし、地図に描いておこう<br>......<br>......よし,<PLEASE_TRANSLATE>,{0}件、旅しましたね<br>せっかくだし、地図、描いておきましょう<br>......<br>......よし,<PLEASE_TRANSLATE>,{0}件、旅した！<br>せっかくだし、地図に描いとこーっと<br>......<br>......よーし,<PLEASE_TRANSLATE>
itemPushHouse00,持ってる荷物、全部仕舞っとくね......,I'll put away everything I'm carrying......,持ってる荷物、全部仕舞っときます......,I'll put away everything I'm carrying......,持ってる荷物、全部仕舞っとくね！,I'll put everything I'm carrying away!,持ってるもの、全部仕舞っとくねー,<PLEASE_TRANSLATE>,持っとるもの、全部仕舞っとくよ,<PLEASE_TRANSLATE>,持ってる荷物、全部仕舞っとく,<PLEASE_TRANSLATE>,持ってる荷物、全部仕舞っておきますね,<PLEASE_TRANSLATE>,持ってる荷物、全部仕舞っとくっす......,<PLEASE_TRANSLATE>
toolInteract00,<button>{0}</button>使って、<button>{1}</button>調べてみる......,I'll use <button>{0}</button> to check out <button>{1}</button>......,<button>{0}</button>使って、<button>{1}</button>調べてみます......,I'll use <button>{0}</button> to check <button>{1}</button>......,<button>{0}</button>使って、<button>{1}</button>調べてみよーっと！,I'll use <button>{0}</button> to check <button>{1}</button>～,<button>{0}</button>使って、<button>{1}</button>調べてみよー,<PLEASE_TRANSLATE>,<button>{0}</button>で<button>{1}</button>、調べてみるよ,<PLEASE_TRANSLATE>,<button>{0}</button>使って、<button>{1}</button>を調べてみる,<PLEASE_TRANSLATE>,<button>{0}</button>を使って、<button>{1}</button>調べてみますね......,<PLEASE_TRANSLATE>,<button>{0}</button>使って、<button>{1}</button>調べてみよーっと,<PLEASE_TRANSLATE>
locked00,鍵かかってるみたい......開かない......<br>どこかに鍵とか落ちてないかな......,Looks like it's locked...... I can't open it......<br>I wonder if there's a key lying around somewhere......,鍵かかってます......開けられません......<br>鍵、どこかに落ちてるといいんですけど......,It's locked...... I can't open it......<br>I hope there's a key lying somewhere......,ありゃ。鍵かかってるね。これは開かないや<br>鍵、どっかあるかなー,Aw. It's locked. No way I'm opening this<br>Wonder if there's a key somewhere～,鍵がかかってるみたい。開けられそーにないね<br>鍵、この辺に落ちてるといーけど,<PLEASE_TRANSLATE>,あら、鍵かかっとるね。んー......開かん......<br>鍵、どっか落ちとるかな......,<PLEASE_TRANSLATE>,鍵かかってるみたいだ......開かない<br>どこかに鍵、落ちてるといいけど,<PLEASE_TRANSLATE>,鍵かかってるみたいです......開きません......<br>どこかに鍵、落ちてませんかね......<br>鍵、お持ちの方ー？,<PLEASE_TRANSLATE>,鍵かかってるっぽい......開かない......<br>どこかに鍵とかないかなー,<PLEASE_TRANSLATE>
unlock00,{0}を使って開けたよ,I opened it using {0}.,{0}を使ってみました......。開いた......！,I tried using {0}...... It opened......!,{0}で鍵が開いた！,It opened with {0}!,{0}で解錠したよー,<PLEASE_TRANSLATE>,{0}で鍵開けたー,<PLEASE_TRANSLATE>,{0}を使って、開けたよ,<PLEASE_TRANSLATE>,{0}を使って開けました,<PLEASE_TRANSLATE>,{0}使って開けた！,<PLEASE_TRANSLATE>
hasHole00,穴があいてる......何か、はめ込めそう......<br>どこかに使えそうなもの、落ちてないかな......,There's a hole...... Looks like something might fit in it......<br>I wonder if there's something useful lying around somewhere......,穴がありますね......。何かはめるのかな<br>使えるもの、どこかにあるといいですけど......,There's a hole...... Maybe we're supposed to put something in it<br>I hope there's something we can use somewhere......,お、穴あいてる。何かはめるっぽいかも？<br>その辺になんか落ちてないかなー,"Oh, there's a hole. Maybe we're supposed to put something in it?<br>Wonder if there's anything lying around～",んー？　何かはめ込めそうな穴があるねー<br>使えそうなの、どっかあるかなー,<PLEASE_TRANSLATE>,あー......なんか、はめられそうな、くぼみ的なのがある<br>なんか落ちとらんかな,<PLEASE_TRANSLATE>,穴があいてる......何か、はめ込めそうだ<br>どこかに使えそうなもの、落ちてるといいけど,<PLEASE_TRANSLATE>,穴があいてます......何か、はめ込めるようですけど......<br>どこかに使えそうなもの、落ちてませんかね<br>どなたかー？,<PLEASE_TRANSLATE>,穴があいてる......？　何か、はめ込めそうかも！<br>どこかに使えそうなもの、落ちてないかなー。おーい！,<PLEASE_TRANSLATE>
fillHole01,あ、{0}がはまった。ぴったり,Oh， {0} fits. Perfect.,あ......{0}、きれいにはまりました......,Ah...... {0} fits perfectly......,お！　{0}がはまった！,Oh! {0} fits!,{0}、はめられたよー。ぴったし合ってそう,<PLEASE_TRANSLATE>,{0}、はめられた。完璧,<PLEASE_TRANSLATE>,{0}がはまった。これで当たりだったらしい,<PLEASE_TRANSLATE>,あ、{0}がはまりました。ぴったりです,<PLEASE_TRANSLATE>,あ、{0}がはまった。ぴったり！,<PLEASE_TRANSLATE>
lockedPassCode00,鍵がかかってるみたい......。数字を入力するところがあるけど......なんて入れてみる？,Looks like it's locked...... There's a place to enter a number...... What should we try?,これ、鍵かかってますね......。パスワードを入力できますけど......なに入れてみます？,This is locked...... We can enter a password...... What should we try?,鍵、かかってるみたい。パスワードで開くのかな。なんて入れてみる？,Looks like it's locked. Maybe it opens with a password. What should we try?,パスコードでロックされてるっぽい。なんて入力してみる？,<PLEASE_TRANSLATE>,鍵かかっとるね......<br>数字打ち込めるけど......なんて打ってみる？,<PLEASE_TRANSLATE>,鍵がかかってるみたいだ......。数字を入力するところがある......何を入力してみる？,<PLEASE_TRANSLATE>,鍵がかかってるみたいです......。数字を入力するところがありますね......なんて入れてみましょう？,<PLEASE_TRANSLATE>,鍵がかかってるっぽい......。数字を入力するところがあるっすけど......なんて入れてみます？,<PLEASE_TRANSLATE>
successPassCode00,あ、開いた,Oh， it opened.,あ、開きました！,"Ah, it opened!",お！　やったね！　開いたよ！,Oh! Nice! It opened!,よし、開いたね,<PLEASE_TRANSLATE>,おし、開いた,<PLEASE_TRANSLATE>,あ......。開いた,<PLEASE_TRANSLATE>,あ、なんと<br>開きました,<PLEASE_TRANSLATE>,あ、開いた！,<PLEASE_TRANSLATE>
failedPassCode00,開かない......ハズレみたい,It won't open...... Guess that was wrong.,開きませんでした......,It didn't open......,残念、開かなかったよ,"Bummer, it didn't open",だめかー。開かなかった,<PLEASE_TRANSLATE>,開かんね。だめらしい,<PLEASE_TRANSLATE>,開かない......ハズレみたいだ,<PLEASE_TRANSLATE>,開きません......これではないようです......,<PLEASE_TRANSLATE>,開かない......ハ、ハズレみたいっす......すみません......,<PLEASE_TRANSLATE>
call00,何？,What?,な、なんでしょう......？,W-what is it......?,何かな？,What's up?,何か用？,<PLEASE_TRANSLATE>,なんかあった？,<PLEASE_TRANSLATE>,何？,<PLEASE_TRANSLATE>,なんでしょう？,<PLEASE_TRANSLATE>,は、はい......なんでしょう......？,<PLEASE_TRANSLATE>
callFailed00,えーと......なんのこと......？,Um...... What are you talking about......?,......？　ええと......ご、ごめんなさい、なんのことか......,"......? Um...... S-sorry, I don't know what you mean......",ん？　ねぇ、あたしにわかるように言って？,"Huh? Hey, can you tell me in a way I'll understand?",？　なんのこと？,<PLEASE_TRANSLATE>,？　なんて？,<PLEASE_TRANSLATE>,......？　ごめん、なんのことかわかんない,<PLEASE_TRANSLATE>,ええと......なんでしょう？　すみません、よくわからなくて......,<PLEASE_TRANSLATE>,えーと......なんのこと......っすか......？,<PLEASE_TRANSLATE>
callAlready00,ん......今やってる......,Mm...... I'm doing it now......,は、はい......今やってます......,Y-yes...... I'm doing it now......,んん、今やってるよ......,"Mmm, I'm doing it now......",んー、今やってるよー,<PLEASE_TRANSLATE>,んん......今やっとる......,<PLEASE_TRANSLATE>,ああ......今やってる.よ..,<PLEASE_TRANSLATE>,はい......今、やっているところです......,<PLEASE_TRANSLATE>,ん......今、やってるっす......,<PLEASE_TRANSLATE>
callHistoryed00,それ、もう見たくない？,Don't you want to look at that again?,それ、もう見ませんでしたっけ......？,Didn't we already check that......?,それ、もう見たやつじゃない？,Didn't we already look at that?,えー？　それ、もう見たよ？,<PLEASE_TRANSLATE>,それ、もう見とるやつじゃない？,<PLEASE_TRANSLATE>,それ......もう見たと思う,<PLEASE_TRANSLATE>,それ、先ほど見ませんでしたか？,<PLEASE_TRANSLATE>,それ、もう見たくないっすか......？,<PLEASE_TRANSLATE>
callLost00,それ、ここにはなくない？,Isn't that not here?,えーと......それ、ここにはないんですけど......,Um...... We don't have that here......,え？　それ、ここにはないよね？,"Huh? That's not here, right?",それ、ここにはないけどー？,<PLEASE_TRANSLATE>,それ、ここにはなくない？,<PLEASE_TRANSLATE>,それ、ここにはないと思うけど,<PLEASE_TRANSLATE>,それ、ここにはありませんけれど......,<PLEASE_TRANSLATE>,それ、ここにはなくないっすか......？,<PLEASE_TRANSLATE>
callPost00,？　あとでちゃんと調べとくよ。大丈夫、忘れてない,Huh? I'll check it properly later. Don't worry， I haven't forgotten.,えと......あとでちゃんと調べますから......,Um...... I'll check it properly later......,？　あとでちゃんと見るよ。だいじょーぶ、忘れてない！,"? I'll check it properly later. It's okay, I didn't forget!",んー？　ちゃんと調べるよ。あとでね,<PLEASE_TRANSLATE>,ん？　ああ、あとで調べとく。忘れとらんよ,<PLEASE_TRANSLATE>,......？　あとでちゃんと調べとくから。忘れてない,<PLEASE_TRANSLATE>,ええと？　あとでちゃんと調べます。ご安心ください,<PLEASE_TRANSLATE>,あ、あとでちゃんと調べとくっす！　忘れてない忘れてない......,<PLEASE_TRANSLATE>
callHas00,？　持ってるよ？,Huh? I've got it.,え......？　持ってます......けど......,Huh......? I have it...... though......,ん？　ちゃんと持ってるよー？,Huh? I've got it～?,えー？　持ってるけどー？,<PLEASE_TRANSLATE>,え？　持っとるよ？,<PLEASE_TRANSLATE>,......？　持ってるけど,<PLEASE_TRANSLATE>,？　持ってますよ。大丈夫です,<PLEASE_TRANSLATE>,......？　も、持ってるっすけど......？,<PLEASE_TRANSLATE>
encount00,{0}がいた！　戦うしかないかも......！,There's {0}! We might have to fight......!,うわっ！　{0}がいました！　うう......戦うしか......,Whoa! {0} is here! Ugh...... I guess we have to fight......,{0}がいた！　こりゃ、逃げられないね......,There's a {0}! Guess we can't run from this one......,{0}、見つけた......。逃げる......のは、無理っぽい......,<PLEASE_TRANSLATE>,{0}、みっけた......。逃げられんよね......これは......,<PLEASE_TRANSLATE>,{0}がいた......。戦うしかないな......,<PLEASE_TRANSLATE>,{0}がいました......！　これはもう、逃げられないですね......,<PLEASE_TRANSLATE>,わ、{0}......！　お助け......！,<PLEASE_TRANSLATE>
encountSurvivor00,{0}と手合わせ......<br>やるしかないかぁ......なんかやる気満々だし......,A fight with {0}......<br>I guess we have no choice...... It looks pretty eager to fight......,{0}さんとお手合わせ......<br>うぅ......やるしかないんですか......,A fight with {0}-san......<br>Ugh...... Do we really have to......?,{0}と一戦！<br>お手合わせ願おう！,A round with {0}!<br>Let's have a match!,{0}とお手合わせ......<br>手加減してね......！,<PLEASE_TRANSLATE>,{0}とお手合わせ<br>いざ,<PLEASE_TRANSLATE>,{0}とお手合わせ......,<PLEASE_TRANSLATE>,{0}とお手合わせ......！<br>負けませんよ......！,<PLEASE_TRANSLATE>,{0}と手合わせ......<br>やるしかないっすよね......なんかやる気満々だし......,<PLEASE_TRANSLATE>
assault00,{0}......！　やるしかないよね......,{0}......! I guess we have to fight......,{0}です......。戦います......！,It's {0}...... I'll fight......!,{0}、だね......！　やるよっ,"It's {0}, huh......! Let's do this",{0}、だねー......やっちゃおっかー！,<PLEASE_TRANSLATE>,{0}、ね。やるしかない......よねー......,<PLEASE_TRANSLATE>,{0}......。相手するしかない......,<PLEASE_TRANSLATE>,{0}......！　やるしかありません......！,<PLEASE_TRANSLATE>,{0}......！　や、やるしかない......,<PLEASE_TRANSLATE>
joinBattle00,わたしも加勢するよ！,I'll help you!,わ、わたしも加勢します......！,I-I'll help fight too......!,あたしも戦う！,I'm fighting too!,お、アタシも加勢するよ,<PLEASE_TRANSLATE>,おっと、うちも戦うよ！,<PLEASE_TRANSLATE>,私も加勢する......！,<PLEASE_TRANSLATE>,私も加勢します！,<PLEASE_TRANSLATE>,う、うちも戦うっす！　死なない程度に......！,<PLEASE_TRANSLATE>
battleWin00,ふぅ......なんとか倒した......,Phew...... Somehow， I beat it......,はぁぁぁ.......やられずにすみました......怖かった......,Haaah...... I made it without getting hurt...... That was scary......,もう動かないね......ほっ......,It's not moving anymore...... Phew......,ふー。動かなくなった。もうだいじょーぶ,<PLEASE_TRANSLATE>,はー......動かんくなった......,<PLEASE_TRANSLATE>,よし......なんとか倒した,<PLEASE_TRANSLATE>,ほっ......なんとかなりました......,<PLEASE_TRANSLATE>,ふぅ......な、なんとか倒した......よかった......死ななくて......,<PLEASE_TRANSLATE>
battleWinSurvivor00,わたしの勝ち......っぽい？,Looks like I won......?,勝ち......みたいです,I...... think we won,勝ったー。いえい,We won～. Yay,勝っちゃったねー,<PLEASE_TRANSLATE>,うん、うちの勝ちだね,<PLEASE_TRANSLATE>,勝ち、だね,<PLEASE_TRANSLATE>,じゃあ、私の勝ちですね,<PLEASE_TRANSLATE>,う、うちの勝ち......っぽい？,<PLEASE_TRANSLATE>
kill00,{0}をやったよ！,I took down {0}!,{0}をやりました！,I defeated {0}!,{0}を倒した！,I took down {0}!,{0}、やったったー,<PLEASE_TRANSLATE>,{0}、たおした！,<PLEASE_TRANSLATE>,{0}を倒した,<PLEASE_TRANSLATE>,{0}をやりました！,<PLEASE_TRANSLATE>,{0}、やったっす！　でももうやだ！,<PLEASE_TRANSLATE>
killSurvivor00,あ......勝った？,Ah...... Did I win?,えと......勝ち、ですか......？,Um...... We won...... right......?,お！　あたしの勝ち？,Oh! I win?,おー。アタシ勝っちゃった？,<PLEASE_TRANSLATE>,うちの勝ち......かな？,<PLEASE_TRANSLATE>,私の勝ち......でいいかな,<PLEASE_TRANSLATE>,私の勝ち......でしょうか......？,<PLEASE_TRANSLATE>,あ......勝った？,<PLEASE_TRANSLATE>
battle_noWeapon00,そのへんに落ちてるもので戦うしかないか......,Guess I'll have to fight with whatever's lying around......,ひ、拾った棒で戦うしかない......ですよね......,W-we have to fight with a stick I picked up...... right......?,そのへんのもので殴るしかないかぁ......,Guess I'll have to smack it with whatever's lying around......,あー......武器ない......この棒切れで戦うかー,<PLEASE_TRANSLATE>,武器は、この竹刀だけ！,<PLEASE_TRANSLATE>,その辺りに落ちてるもので戦うしかないか......,<PLEASE_TRANSLATE>,何か、落ちてるもので戦うしかありませんね......！,<PLEASE_TRANSLATE>,手ぶらでも......戦うしかない......死にたくない......,<PLEASE_TRANSLATE>
battle_noAmmo00,あ、弾切れ......そのへんに落ちてるもので戦うしかないか......,Ah， I'm out of ammo...... Guess I'll have to fight with whatever's lying around......,弾がないです......その辺の棒で戦うしか......,We're out of ammo...... I guess we'll have to fight with a stick......,あちゃー、弾切れだ......そのへんのもので殴るしかないかぁ......,"Crap, I'm out of ammo...... Guess I'll have to smack it with whatever's lying around......",あー......弾がない......この棒切れで戦うかー,<PLEASE_TRANSLATE>,んー......弾がないんじゃ使えんね......,<PLEASE_TRANSLATE>,弾切れか......その辺に落ちてるもので戦うしかない......,<PLEASE_TRANSLATE>,あ、弾切れでした......落ちてるもので戦うしかありませんね......,<PLEASE_TRANSLATE>,た、弾切れ......！　弾は！　弾はどこ......！,<PLEASE_TRANSLATE>
battle_attack00,このっ......！,Take this......!,えい！,Take that!,そりゃ！,Take that!,どいてよ！,<PLEASE_TRANSLATE>,とうっ......！,<PLEASE_TRANSLATE>,これでっ......！,<PLEASE_TRANSLATE>,ほらっ......！,<PLEASE_TRANSLATE>,うああああ......！,<PLEASE_TRANSLATE>
battle_attack01,あいつの足を潰した！,I took out its leg!,こないで！！,Stay away!!,こないでよ！,Get away from me!,これで倒れろ......！,<PLEASE_TRANSLATE>,これでどうだ......！,<PLEASE_TRANSLATE>,もう倒れてくれ......！,<PLEASE_TRANSLATE>,これでどう......！,<PLEASE_TRANSLATE>,このこの、この......！,<PLEASE_TRANSLATE>
battle_attack_weapon00,当たった！,I hit it!,当たれ......！,Hit......!,このぉ！,Take this!,一発あーたり！,<PLEASE_TRANSLATE>,一発あてた！,<PLEASE_TRANSLATE>,当てた！,<PLEASE_TRANSLATE>,当たりました！,<PLEASE_TRANSLATE>,あ、当たった！　ラッキー！,<PLEASE_TRANSLATE>
battle_attack_survivor00,この......っ！,Take this......!,えい......！,Take that......!,とりゃ！,Hyaah!,とうっ！,<PLEASE_TRANSLATE>,めーんっ,<PLEASE_TRANSLATE>,この......！,<PLEASE_TRANSLATE>,これでどう......！,<PLEASE_TRANSLATE>,この......っ！,<PLEASE_TRANSLATE>
battle_attack_survivor01,てい......！,Hiyah......!,と、とぅ......っ,T-take that......!,せいっ！,Hiyah!,当たってよ......！,<PLEASE_TRANSLATE>,どーうっ,<PLEASE_TRANSLATE>,これで！,<PLEASE_TRANSLATE>,ほらっ！,<PLEASE_TRANSLATE>,てい......！,<PLEASE_TRANSLATE>
battle_attack_survivor02,もうっ......！,Come on......!,もうっ......！,Enough......!,これでどうだっ,How about this!,ほら......！,<PLEASE_TRANSLATE>,てーいっ,<PLEASE_TRANSLATE>,当たれ......！,<PLEASE_TRANSLATE>,とうっ......！,<PLEASE_TRANSLATE>,もうっ......！,<PLEASE_TRANSLATE>
battle_damage00,離せっ......この......！,Let go...... you......!,やめてください！　いやだっ！,Please stop! I don't want this!,やだやだ！　やめてっ,"No, no! Stop!",ううっ......,<PLEASE_TRANSLATE>,うっ......！,<PLEASE_TRANSLATE>,邪魔だ......！,<PLEASE_TRANSLATE>,離して......もうっ......！,<PLEASE_TRANSLATE>,やめてやめてやめて......！　むり......！,<PLEASE_TRANSLATE>
battle_damage01,もうっ......！,Geez......!,いや......っ！,No......!,くぅ......！,Ugh......!,もう......この......！,<PLEASE_TRANSLATE>,やめっ......！,<PLEASE_TRANSLATE>,このっ......！,<PLEASE_TRANSLATE>,いたた......,<PLEASE_TRANSLATE>,やだ！　死にとうない！,<PLEASE_TRANSLATE>
battle_damage_survivor00,いたっ......！,Ouch......!,あいたっ......,Ouch......,いったぁ......,Oww......,いったー,<PLEASE_TRANSLATE>,うっ......,<PLEASE_TRANSLATE>,くっ......,<PLEASE_TRANSLATE>,うっ......！,<PLEASE_TRANSLATE>,いたっ......！,<PLEASE_TRANSLATE>
battle_damage_survivor01,あぶなっ......,That was close......,うぅ......,Ugh......,くぅ......！,Ugh......!,うっ......,<PLEASE_TRANSLATE>,くぅ......！,<PLEASE_TRANSLATE>,うっ......！,<PLEASE_TRANSLATE>,いたた......,<PLEASE_TRANSLATE>,あぶなっ......,<PLEASE_TRANSLATE>
battle_attack_miss00,はずした......！,I missed......!,は、はずしちゃいました......！,I-I missed......!,はずした！,Missed!,はずした......！,<PLEASE_TRANSLATE>,はずした......！,<PLEASE_TRANSLATE>,はずした......！,<PLEASE_TRANSLATE>,はずしてしまいました......！,<PLEASE_TRANSLATE>,は、はずしちゃった......！,<PLEASE_TRANSLATE>
battle_attack_miss01,当たんなかった......！,I couldn't hit it......!,当たりません......！,I can't hit it......!,ちぇっ......当たんない......！,Tch...... Can't hit it......!,くーっ......当たらない......！,<PLEASE_TRANSLATE>,ちぇっ......当たらん......！,<PLEASE_TRANSLATE>,当たらない......！,<PLEASE_TRANSLATE>,当たりません......！,<PLEASE_TRANSLATE>,あ、当たんなかった......！,<PLEASE_TRANSLATE>
battle_attack_miss02,あっ......当てられなかった......,Ah...... I couldn't hit it......,わっ......避けられました......！,Ah...... It dodged......!,避けないでよ......！,Don't dodge me......!,避けるな......！,<PLEASE_TRANSLATE>,よけんでよ......！,<PLEASE_TRANSLATE>,くっ......当てられなかった,<PLEASE_TRANSLATE>,もうっ......当てられない......,<PLEASE_TRANSLATE>,あ......当てられない......！　無能！,<PLEASE_TRANSLATE>
battle_wait00,さて......,Well......,どうしよう......,What should I do......,さーてさて......,"Soo, let's see......",ほらほら、おいで～？,<PLEASE_TRANSLATE>,ほらほら......打っておいで,<PLEASE_TRANSLATE>,さて......,<PLEASE_TRANSLATE>,はて......どうしましょう......,<PLEASE_TRANSLATE>,さて......？,<PLEASE_TRANSLATE>
battle_wait01,どう攻めようかな......,How should I attack......?,ええと......,Um......,かかってこーい！,Come and get me!,さーて......,<PLEASE_TRANSLATE>,どう攻めようかね......,<PLEASE_TRANSLATE>,どうしようか......,<PLEASE_TRANSLATE>,はてはて......,<PLEASE_TRANSLATE>,どうしよっかなー,<PLEASE_TRANSLATE>
comeEnemy00,{0}、こっち来る......,{0}'s coming this way......,{0}、こっちに来ます......,{0} is coming this way......,{0}、こっち来る......！,{0}'s coming this way......!,{0}、こっち来てるね......,<PLEASE_TRANSLATE>,{0}、こっち来とるね......,<PLEASE_TRANSLATE>,{0}、こっち来てる......,<PLEASE_TRANSLATE>,{0}、こっちに来ます......,<PLEASE_TRANSLATE>,{0}、こっち来るっす......！　来んな！,<PLEASE_TRANSLATE>
comeEnemy01,{0}、近寄ってくる......,{0}'s getting closer......,{0}、迫ってきます......！,{0} is coming at us......!,{0}、近づいてくる......！,{0}'s getting closer......!,{0}、にじり寄ってくる......！,<PLEASE_TRANSLATE>,{0}、近寄ってきとる......！,<PLEASE_TRANSLATE>,{0}、近寄ってくるな......,<PLEASE_TRANSLATE>,{0}、近寄ってきますね......,<PLEASE_TRANSLATE>,{0}、来てる来てる......！,<PLEASE_TRANSLATE>
comeEnemy02,{0}、こっちに来てる......！,{0}'s coming this way......!,{0}、近づいてきます......！,{0} is getting closer......!,{0}、寄ってくる......！,{0}'s coming over......!,{0}、こっち来る......！,<PLEASE_TRANSLATE>,{0}、こっち寄ってくるじゃん......,<PLEASE_TRANSLATE>,{0}、近づいてくる......,<PLEASE_TRANSLATE>,{0}、寄ってきてます......！,<PLEASE_TRANSLATE>,{0}、こっちに来る......！　やだ！　あっちいけ！,<PLEASE_TRANSLATE>
confirmEscapeBattleBoss00,今なら、逃げられるかも......！<br>どうする？　<button>逃げる</button>？　このまま<button>戦う</button>？,We might be able to get away now......!<br>What should we do? <button>Run</button>? Or <button>Fight</button>?,い、今なら......逃げられるかもです！<br>どうしましょう、<button>逃げます</button>？　このまま<button>戦います</button>？,I-if we go now...... we might be able to escape!<br>What should we do? <button>Run away</button>? Or <button>keep fighting</button>?,今なら......逃げられるかも......！<br>どうする？　<button>逃げちゃう</button>？　<button>このまま戦う</button>？,Now...... We might be able to get away......!<br>What do we do? <button>Run away</button>? <button>Keep fighting</button>?,んー......今なら、逃げられるかも......<br>どーする？　<button>逃げる</button>？　このまま<button>戦う</button>？,<PLEASE_TRANSLATE>,んー......今なら、逃げられるかも......<br>どーする？　<button>逃げとく</button>？　このまま<button>戦う</button>？,<PLEASE_TRANSLATE>,今なら、逃げられるかもしれない......<br>どうする？　<button>逃げる</button>？　このまま<button>戦う</button>？,<PLEASE_TRANSLATE>,今なら、逃げられるかもしれません！<br>どうしましょう？　<button>逃げる</button>か、このまま<button>戦う</button>か......,<PLEASE_TRANSLATE>,今なら、逃げられるかも......！<br>どうする？　<button>逃げる</button>？　もしかして、このまま<button>戦う</button>......？,<PLEASE_TRANSLATE>
dead00,あ......だめ、かも......<br>もう、立てない......ごめんね......,Ah...... I don't think I can......<br>I can't stand anymore...... Sorry......,いたいっ！　<br>......え？<br>ああ.......ごめんないさ.......あたし、もう......,It hurts!<br>......Huh?<br>Ah...... Sorry...... I can't...... anymore......,あちゃ～......あたしの運もここまでかぁ......<br>あーあ......<br>ごめんね......,"Aww～...... Looks like my luck's run out......<br>Oh, man......<br>Sorry......",あー、れー......あー、もう無理かも......<br>ごめん......ここまで......みたい......,<PLEASE_TRANSLATE>,う......あー......<br>ごめん、もう無理......<br>うち、ここまで......みたい......,<PLEASE_TRANSLATE>,くっ......<br>ここまでみたいだ......ごめん......私......,<PLEASE_TRANSLATE>,あ......だめ、かも......<br>もう、立てない......ごめんね......,<PLEASE_TRANSLATE>,あ......だめ、かも......<br>もう、目の前が......<br>まぢむり......,<PLEASE_TRANSLATE>
staminaLost00,あー......<br>もう......お腹すきすぎて動けないよ......<br>帰る......,Ah......<br>I'm...... too hungry to move anymore......<br>I'm going home......,うう......<br>お腹がぺこぺこで......これ以上は......<br>一度、帰りましょう......,Ugh......<br>I'm starving...... I can't go any farther......<br>Let's go back for now......,うー......<br>もう動けないよー......お腹空いたー<br>いったん帰ろー......,Ugh......<br>I'm too hungry to move anymore...... Let's go back for now～......,あー......<br>もーだめ......お腹空きすぎ......動けない......<br>一度、帰るねー......,<PLEASE_TRANSLATE>,あー......もう......<br>お腹空きすぎ<br>帰らせて......,<PLEASE_TRANSLATE>,あー......<br>もう......お腹すきすぎて動けないよ......<br>帰る......,<PLEASE_TRANSLATE>,うーん......<br>ごめんなさい、もう......お腹空きすぎて......<br>いったん、帰らせてください......,<PLEASE_TRANSLATE>,あー！<br>もう......お腹すきすぎて動けない！<br>無理！　帰る！,<PLEASE_TRANSLATE>
changedStamina_200,ちょっとお腹空いてきたかも......,I think I'm getting a little hungry......,ちょっとだけ......お腹空いてきました......,I'm getting a little hungry......,ちょっと小腹空いてきたなー,I'm getting a little hungry～,小腹すいたなー,<PLEASE_TRANSLATE>,小腹、空いてきたねぇ,<PLEASE_TRANSLATE>,少し小腹が空いてきたな,<PLEASE_TRANSLATE>,少々、小腹が空いてきましたね......,<PLEASE_TRANSLATE>,お腹空いてきたかも......ちょ、ちょっとだけ......,<PLEASE_TRANSLATE>
changedStamina_300,お腹空いたな......,I'm hungry......,お腹空いたな......,I'm hungry......,あー、お腹空いた！,"Ahh, I'm hungry!",んー.......お腹空いた......,<PLEASE_TRANSLATE>,お腹すーいた......,<PLEASE_TRANSLATE>,お腹空いてきた......,<PLEASE_TRANSLATE>,お腹が鳴りそうです......お恥ずかしい......,<PLEASE_TRANSLATE>,お、お腹空いたな......とか言ってみたりして......,<PLEASE_TRANSLATE>
changedStamina_400,もう......お腹空きすぎで......歩きたくない......,I'm...... so hungry...... I don't wanna walk anymore......,もう、お腹ぺこぺこで......これ以上は......,I'm so hungry...... I can't go any farther......,もー、お腹ペコペコ！,I'm sooo hungry!,あー......もう動きたくなーい......お腹空いた......,<PLEASE_TRANSLATE>,うぅ......お腹空きすぎて、お腹痛くなってきた......,<PLEASE_TRANSLATE>,お腹空いた......もう、これ以上は......,<PLEASE_TRANSLATE>,もうお腹もなりません......うう......,<PLEASE_TRANSLATE>,あ、あの......お腹空きすぎ......これはまじ......,<PLEASE_TRANSLATE>
use00,{0}を使ったよ,I used {0}.,{0}を使いました！,I used {0}!,{0}を使ったよ！,Used {0}!,{0}、使ったよー,<PLEASE_TRANSLATE>,{0}、使ったよ,<PLEASE_TRANSLATE>,{0}、使った,<PLEASE_TRANSLATE>,{0}を使いました,<PLEASE_TRANSLATE>,{0}を使ったっす！,<PLEASE_TRANSLATE>
equip00,{0}を装備したよ,I equipped {0}.,{0}を装備しました......,I equipped {0}......,{0}を装備完了！,{0} equipped!,{0}、装備したよー,<PLEASE_TRANSLATE>,{0}、装備した,<PLEASE_TRANSLATE>,{0}、装備した,<PLEASE_TRANSLATE>,{0}を装備しました,<PLEASE_TRANSLATE>,{0}を装備したっす！　いい感じ！,<PLEASE_TRANSLATE>
equipTool00,{0}、手に持ったよ,I'm holding {0}.,{0}、手に持ちました......,I'm holding {0}......,{0}、手に持ったよ！,I'm holding {0}!,{0}、手に持ったー,<PLEASE_TRANSLATE>,{0}、手に持ったよ,<PLEASE_TRANSLATE>,{0}、手に持った,<PLEASE_TRANSLATE>,{0}、手に持ちましたよ,<PLEASE_TRANSLATE>,{0}、手に持った！,<PLEASE_TRANSLATE>
weaponBroken00,{0}が壊れちゃった......。あーあ......,{0} broke...... Aw， man......,ご、ごめんなさい！　{0}、壊しちゃいました......,S-sorry! {0} broke......,{0}、壊れちゃった......今までありがと！　さよなら！,{0} broke...... Thanks for everything! Goodbye!,{0}、壊れちゃったー......修理は難しいね......,<PLEASE_TRANSLATE>,あー......{0}、壊れた......すまん......,<PLEASE_TRANSLATE>,{0}が壊れた......,<PLEASE_TRANSLATE>,{0}が壊れてしまいました......<br>ごめんなさい、さようなら......,<PLEASE_TRANSLATE>,{0}が壊れちゃった......す、すみません......！,<PLEASE_TRANSLATE>
eat00,{0}、食べちゃうね......<br>おいしい......,I'm gonna eat {0}......<br>It's good......,{0}、いただきます......！,I'll have {0}......!,{0}を食べるね<br>うまうま,I'm eating {0}<br>Nom nom,{0}、食べちゃおー,<PLEASE_TRANSLATE>,{0}、食べるね,<PLEASE_TRANSLATE>,{0}、食べるよ......<br>......おいしい,<PLEASE_TRANSLATE>,{0}、食べますね......<br>まぁ。おいしい......,<PLEASE_TRANSLATE>,{0}、食べちゃお！<br>うめ！,<PLEASE_TRANSLATE>
eat_favorite00,{0}、食べちゃうね......<br>おいし......。わたし、お米好きなんだよね,I'm gonna eat {0}......<br>Yummy...... I really like rice.,{0}、いただきます......！<br>おいしい......。野菜は、やっぱり気持ちが落ち着きます......,I'll have {0}......!<br>It's good...... Vegetables really do make me feel calm......,{0}を食べるね<br>おいしー！　あたし、卵大好き！,I'm eating {0}<br>Yum! I love eggs!,{0}、食べちゃおー<br>うーむ！　やっぱ肉だねー,<PLEASE_TRANSLATE>,{0}、食べよっと......<br>うむうむ、肉はいつ食べてもうまい,<PLEASE_TRANSLATE>,{0}、食べるよ......<br>おいし......。卵料理は至高,<PLEASE_TRANSLATE>,{0}、食べちゃいます......<br>あら、本当においしい......。私、お野菜の甘味って大好きなんです,<PLEASE_TRANSLATE>,{0}、食べちゃお！<br>うまい......肉、うまい......,<PLEASE_TRANSLATE>
eat_dislike00,{0}、食べてみる......<br>......わたし、これ苦手なんだよね......,I'll try {0}......<br>......I'm not really a fan of this......,{0}、食べてみます......<br>......私、卵、苦手なんですよね......,I'll try {0}......<br>......I'm not very good with eggs......,{0}、食べてみる......<br>うー......野菜きらーい,I'll try {0}......<br>Ugh...... I hate vegetables,{0}、食べてみるねー<br>うーん......野菜のシャキシャキがどーしてもなー......,<PLEASE_TRANSLATE>,{0}、食べるね......<br>......パンより米派......なんだよね。どっちかっていうと,<PLEASE_TRANSLATE>,{0}、食べてみる......<br>......私、これ、嫌い,<PLEASE_TRANSLATE>,{0}、食べてみます......<br>......うーん......お肉をたくさん食べると、ちょっと苦しくなってしまいますね......,<PLEASE_TRANSLATE>,{0}、食べてみる......<br>......うち、なぜかお米苦手なんすよね......,<PLEASE_TRANSLATE>
eat_notTasty00,{0}、食べてみる......<br>うーん......これだけで食べるものじゃないね......,I'll try {0}......<br>Hmm...... This isn't really something you eat by itself......,{0}、食べてみます......<br>......このままで食べるには、ちょっと......うーん......,I'll try {0}......<br>......It's a little hard to eat it like this...... Hmm......,{0}、食べてみる......<br>......これだけで食べるものじゃないね......,I'll try {0}......<br>......Guess this isn't something you eat on its own......,{0}、食べてみるねー<br>うーん......このままで食べるものじゃないなー.......,<PLEASE_TRANSLATE>,{0}、食べてみる......<br>......このまま食べるもんじゃない......,<PLEASE_TRANSLATE>,{0}、食べてみる......<br>うーん......これだけで食べるものじゃない......な......,<PLEASE_TRANSLATE>,{0}、食べてみます......<br>......ええと......これだけで食べるのも、なかなか......貴重な体験ですね......,<PLEASE_TRANSLATE>,{0}、食べてみるっす......<br>......これだけで食べるものじゃないよね......そりゃそう......,<PLEASE_TRANSLATE>
read00,『{0}』って書いてある......,It says <q>{0}</q>......,『{0}』って書いてあります......,It says 『{0}』......,『{0}』って書いてあるね,It says 『{0}』,『{0}』って書いてあるねー,<PLEASE_TRANSLATE>,『{0}』って書いてあるよ,<PLEASE_TRANSLATE>,『{0}』と書いてある......,<PLEASE_TRANSLATE>,『{0}』と書いてあります......,<PLEASE_TRANSLATE>,『{0}』って書いてある......,<PLEASE_TRANSLATE>
questSuccess_goOutside00,これでここは終わりかな......,Guess that's it for this place......,これでおしまいにしましょう......よし,Let's call it a day...... Okay,さて、これでおしまいかな,"Okay, guess that's it",これで終わりにしよっかー,<PLEASE_TRANSLATE>,これで、終わりにしますかー,<PLEASE_TRANSLATE>,これでここは終わりにしよう,<PLEASE_TRANSLATE>,これでここは終わり......ですかね,<PLEASE_TRANSLATE>,これでここは終わりかな！,<PLEASE_TRANSLATE>
questSuccess_goOutside01,ここは、こんなもんかな......,Guess that's about it here......,ここは終わりですかね......,I guess we're done here......,うん、ここは終わりでいいかな！,"Yep, we're done here!",ここは終わりかなー,<PLEASE_TRANSLATE>,ここは、これで終わりかね,<PLEASE_TRANSLATE>,ここは、こんなもんだろう,<PLEASE_TRANSLATE>,ここは、こんなものでしょうか......,<PLEASE_TRANSLATE>,ここは、こんなもんかなー,<PLEASE_TRANSLATE>
questSuccess_goOutside02,これで終わりかな、ここは,Guess that's it for this place.,よし、ここはもう出ましょう,"Okay, let's get out of here",ここは終わりだね,That's it for this place,ここは、おしまいだねー,<PLEASE_TRANSLATE>,ここは、おしまい,<PLEASE_TRANSLATE>,これで終わりだろう、ここは,<PLEASE_TRANSLATE>,これでおしまいですかね、この辺りは,<PLEASE_TRANSLATE>,これで終わりかな！,<PLEASE_TRANSLATE>
questFailed00,-,-,-,-,-,-,-,-,-,-,-,-,-,-,-,-
questStart00,到着っと,Here we are.,到着です,We've arrived,到着！,We're here!,着いたね,<PLEASE_TRANSLATE>,着いたね,<PLEASE_TRANSLATE>,......到着,<PLEASE_TRANSLATE>,到着です,<PLEASE_TRANSLATE>,きたきたきた！,<PLEASE_TRANSLATE>
questStart01,ついたついた......,We made it......,着きました......,We're here......,着いたー！,Made it～!,んー、やっと到着！,<PLEASE_TRANSLATE>,やっと、到着かー,<PLEASE_TRANSLATE>,ついた......,<PLEASE_TRANSLATE>,さぁ、着きましたよ,<PLEASE_TRANSLATE>,到着！,<PLEASE_TRANSLATE>
questStart02,んー......運転つかれたー,Mm...... I'm tired from driving......,ここ、ですね,This is the place......,ここだね,This is the place,さて。着いたねー,<PLEASE_TRANSLATE>,ここ、見てみようか,<PLEASE_TRANSLATE>,ついた......,<PLEASE_TRANSLATE>,ここですね。着きました,<PLEASE_TRANSLATE>,着いたー！,<PLEASE_TRANSLATE>
questStart_sub00,さて、何かあるかな......,Well， I wonder if there's anything here......,お、置いてかないでくださいね......,"D-don't leave me behind, okay......?",さて、物色ぶっしょく！,"Okay, time to snoop around!",さーて、何かいいものあるかなー,<PLEASE_TRANSLATE>,さて、なんかあるかね,<PLEASE_TRANSLATE>,......何か残ってるといいけど,<PLEASE_TRANSLATE>,がんばって、役に立ちますね......！,<PLEASE_TRANSLATE>,ここには何があるっかなー,<PLEASE_TRANSLATE>
startLocation00,{0}件目、{1}だね......,This is the {0}th place， {1}......,{0}件目......{1}です......,The {0}th place...... It's {1}......,{0}件目！　{1}に来たよ,Place number {0}! We're at {1},{0}件目、{1}だねー,<PLEASE_TRANSLATE>,{0}件目、{1}だね,<PLEASE_TRANSLATE>,{0}件目、{1}に来た,<PLEASE_TRANSLATE>,{0}件目、{1}です......,<PLEASE_TRANSLATE>,{0}件目、{1}！,<PLEASE_TRANSLATE>
confirmMoveOutside00,{0}の方<button>行く</button>？　もうちょっと<button>探索</button>する？,Should we <button>Go</button> toward {0}? Or <button>Explore</button> a little more?,{0}の方、<button>行きます</button>？　もうちょっと<button>探索</button>します......？,Should we <button>go</button> toward {0}......? Or keep <button>exploring</button> a little longer......?,{0}の方<button>行っちゃう</button>？　もちょっと<button>探索</button>しとく？,Wanna <button>go</button> toward {0}? Or <button>explore</button> a little longer?,さーて、{0}の方<button>行く</button>？　もーちょっと<button>探索</button>しとく？,<PLEASE_TRANSLATE>,さて......{0}の方<button>行っとく</button>？　もーちょっと<button>探索</button>？,<PLEASE_TRANSLATE>,{0}の方<button>行く</button>？　まだ<button>探索</button>する？,<PLEASE_TRANSLATE>,{0}の方<button>行きます</button>？　もうちょっと<button>探索</button>してみましょうか？,<PLEASE_TRANSLATE>,{0}の方<button>行く</button>っすか？　もうちょっと<button>探索</button>してみる？,<PLEASE_TRANSLATE>
checkNextLocation00,向こうに{0}が見えるけど......どれ、行ってみる？　それとも、もう<button>帰る</button>？,I can see {0} over there...... Should we go check it out? Or should we <button>Go back</button>?,向こうに{0}が見えますね......どれに行ってみます？　それとも、もう<button>帰ります</button>？,I can see {0} over there...... Which one should we go to......? Or should we <button>go back</button> already?,向こうに{0}があるね。どする？　どれ行く？　それとも、もー<button>帰ろ</button>っか？,There's {0} over there. What do you wanna do? Which one should we go to? Or should we <button>go home</button> already?,ふー。向こうに{0}が見えるね。どれに行くー？　あー、それとも、もー<button>帰っちゃう</button>？,<PLEASE_TRANSLATE>,うーんと。向こうに{0}が見えるね。どれ、行っとく？　もう<button>帰って</button>もいいよ,<PLEASE_TRANSLATE>,向こうに{0}が見える......どれ、行く？　それとも、もう<button>帰る</button>？,<PLEASE_TRANSLATE>,向こうに{0}が見えます......どれ、行ってみましょう？　それとも、もう<button>帰ります</button>？,<PLEASE_TRANSLATE>,向こうに{0}が見えるなー......どれ、行ってみよっかな。それとも、もう<button>帰る</button>っすか？,<PLEASE_TRANSLATE>
checkNextLocationHungry00,向こうに{0}が見えるけど......行く？　もう<button>帰る</button>方がよくない？　お腹空いたよ......,I can see {0} over there...... Should we go? Wouldn't it be better to <button>Go back</button>? I'm hungry......,向こうに{0}が見えますね......行きます......？　もう<button>帰りたい</button>かもです......お腹空いた......,I can see {0} over there...... Should we go......? I-I kind of want to <button>go back</button> already...... I'm hungry......,向こうに{0}があるけど......行く？　もー<button>帰る</button>ことにしない？　お腹空いたよー,There's {0} over there...... Wanna go? Or should we just <button>go home</button> already? I'm hungry～,ふー。向こうに{0}が見えるけど、行くー？　でも、もー<button>帰りたい</button>なー。お腹ぺこぺこだよ,<PLEASE_TRANSLATE>,うーんと。向こうに{0}が見えるけど、行っとく？　けどまぁ、もう<button>帰りたい</button>なー。お腹ぺこぺこ,<PLEASE_TRANSLATE>,向こうに{0}が見える......どれ、行く？　もう<button>帰る</button>ことにしない？　お腹空いたし......,<PLEASE_TRANSLATE>,向こうに{0}が見えますが......行きます？　何もなければ、もう<button>帰る</button>方が......お腹空いてしまいました......,<PLEASE_TRANSLATE>,向こうに{0}が見えるけど......い、行くっすか？　もう<button>帰る</button>方がよくない......？　お腹空いたし......？,<PLEASE_TRANSLATE>
checkNextLocationFoundMemoryItem00,向こうに{0}が見えるけど......行く？　{1}、見つけたし、もう<button>帰る</button>方がよくない？,I can see {0} over there...... Should we go? We found {1}， so wouldn't it be better to <button>Go back</button>?,向こうに{0}が見えますね......行きます......？　{1}、見つけたし、もう<button>帰りたい</button>かもです,"I can see {0} over there...... Should we go......? We found {1}, so...... I kind of want to <button>go back</button> already",向こうに{0}があるけど......行く？　{1}、見つけたし、もー<button>帰る</button>ことにしない？,"There's {0} over there...... Wanna go? We found {1}, so why don't we just <button>go home</button> already?",ふー。向こうに{0}が見えるけど、行くー？　{1}、見つけたし、もー<button>帰りたい</button>なー,<PLEASE_TRANSLATE>,うーんと。向こうに{0}が見えるけど、行っとく？　{1}、見つけたし、うちはもう<button>帰りたい</button>かな,<PLEASE_TRANSLATE>,向こうに{0}が見える......どれ、行く？　{1}、見つけたし、もう<button>帰る</button>ことにしない？,<PLEASE_TRANSLATE>,向こうに{0}が見えます......行きます？　{1}、見つけましたし、もう<button>帰る</button>方がよいと思いますけど......,<PLEASE_TRANSLATE>,向こうに{0}が見えるけど......行くっすか？　{1}、見つけたし、もう<button>帰る</button>方がよかったり......？,<PLEASE_TRANSLATE>
completeSearch00,この辺は、もう何も残ってないかな......,Guess there's nothing left around here......,この辺は、もう何も残ってないですね......,There's nothing left around here......,この辺は、もう何も残ってないかなー,Guess there's nothing left around here～,この辺は、もう何も残ってないねー,<PLEASE_TRANSLATE>,この辺は、もうなんも残っとらんね,<PLEASE_TRANSLATE>,この辺は、もう何も残ってなさそうだ,<PLEASE_TRANSLATE>,この辺は、これで全部ですかね......,<PLEASE_TRANSLATE>,この辺は、もう何も残ってないっすかね......,<PLEASE_TRANSLATE>
continueSearch00,まだ、何か残ってるかな......,I wonder if there's still something left......,まだ、何かありますかね......,I wonder if there's anything else......,えーっと、まだ何かあるかな,Lemme see...... Is there anything else?,んー......まだ何かあったかな......,<PLEASE_TRANSLATE>,んー......まだなんかある......？,<PLEASE_TRANSLATE>,まだ、残ってるものは......,<PLEASE_TRANSLATE>,まだ、何かありますかね......,<PLEASE_TRANSLATE>,まだ、何かあーるかな,<PLEASE_TRANSLATE>
continueSearch01,うーん......まだ何かあるかな......,Hmm...... I wonder if there's anything else......,他に、何かありましたっけ......,Was there anything else......?,まだ見てないものは......,What haven't we looked at yet......,あとー調べてないものはー......,<PLEASE_TRANSLATE>,ほか......なんか調べとらんもの......,<PLEASE_TRANSLATE>,......まだ何かあるかな,<PLEASE_TRANSLATE>,うーん......まだ何か残っているもの......,<PLEASE_TRANSLATE>,うーん......ま、まだ何かあるっすかね......,<PLEASE_TRANSLATE>
continueSearch02,まだ見てないものは......っと,Let's see...... What haven't I checked yet......,うーんと......まだ見てないものは......,Um...... What haven't we checked yet......?,あとはー......何があるかなー,What else is there～?,まだ何か残ってるかな......,<PLEASE_TRANSLATE>,まだ、なんか残っとるかねー......,<PLEASE_TRANSLATE>,まだ見てないものは......,<PLEASE_TRANSLATE>,まだ見てないもの......どなたか......,<PLEASE_TRANSLATE>,うーむ、まだ見てないものはーっと,<PLEASE_TRANSLATE>
nextLocation00,じゃ、次いこ,Okay， next.,先に進みますね......,I'll move ahead......,次いこ！,Let's go!,進むね,<PLEASE_TRANSLATE>,いこいこ,<PLEASE_TRANSLATE>,じゃあ、次にいこう,<PLEASE_TRANSLATE>,じゃあ、次、行きましょう,<PLEASE_TRANSLATE>,じゃ、次いこー！,<PLEASE_TRANSLATE>
nextLocation01,よし、行こっか,Okay， let's go.,い、行きましょう......,L-let's go......,よし、いこー,"Okay, let's go～",んー。いこっかー,<PLEASE_TRANSLATE>,次、いってみよう,<PLEASE_TRANSLATE>,よし、行こう,<PLEASE_TRANSLATE>,それで、次に,<PLEASE_TRANSLATE>,よし、いこいこ！　ゴーゴー！,<PLEASE_TRANSLATE>
nextLocation02,次は何があるかな,I wonder what's next.,行きます！,Let's go!,さぁさぁ、次は何があるかな～,"C'mon, c'mon, I wonder what's next～",さてさて......お次はどんなとこかな～,<PLEASE_TRANSLATE>,はい、じゃあ、つぎー,<PLEASE_TRANSLATE>,次に進もう,<PLEASE_TRANSLATE>,次も、何かあるといいですね,<PLEASE_TRANSLATE>,次は何が見つかるかなー,<PLEASE_TRANSLATE>
returnGateway00,よし、戻ろ,Okay， let's head back.,じゃあ、戻りますね,"Okay, I'll head back",帰るよ！,We're heading home!,戻ろーっと,<PLEASE_TRANSLATE>,戻ろうかね,<PLEASE_TRANSLATE>,よし、戻ろう,<PLEASE_TRANSLATE>,では、戻りましょう,<PLEASE_TRANSLATE>,よし、戻りますかー！,<PLEASE_TRANSLATE>
returnGateway01,ふー。帰ろっか,Phew. Let's go home.,ふぅぅ......帰ります......,Phew...... I'm going back......,お疲れ！　さ、帰ろ～,"Good work! Now, let's go home～",じゃあ、帰る！,<PLEASE_TRANSLATE>,じゃあ、帰ろう,<PLEASE_TRANSLATE>,ふぅ......。帰ろう,<PLEASE_TRANSLATE>,ふぅ。帰りましょうね,<PLEASE_TRANSLATE>,ふー。おわり！　帰ろ！,<PLEASE_TRANSLATE>
returnGateway02,じゃあ、今日はここまでにしよっか,Well then， let's call it a day.,そうしましょうか......うん。戻ります！,Let's do that...... Yeah. I'm going back!,ふぅ......じゃ、今日はここまで～,"Phew...... Okay, that's it for today～",帰宅帰宅～,<PLEASE_TRANSLATE>,帰りましょうねー,<PLEASE_TRANSLATE>,じゃあ、今日はここまでにしようか,<PLEASE_TRANSLATE>,じゃあ、今日はここまでにして。撤収です,<PLEASE_TRANSLATE>,じゃあ、今日はここまで！,<PLEASE_TRANSLATE>
areaComplete00,この辺りは、だいたい終わったかな......<br>ふぅ......疲れた,I guess we've pretty much finished up around here......<br>Phew...... I'm tired.,この辺は、これでおしまいです......<br>疲れたぁ......,That's everything around here......<br>I'm tired......,よし！<br>この辺りは、これで終わり！,Okay!<br>That's everything around here!,これで、この辺りは全部見たかなー<br>お疲れさまだねー,<PLEASE_TRANSLATE>,これで、この辺はもうおっけーかな,<PLEASE_TRANSLATE>,この辺りは、だいたい終わったかな......<br>......疲れた,<PLEASE_TRANSLATE>,この辺りは、だいたい終わりましたかね......<br>ふぅ。疲れちゃいました,<PLEASE_TRANSLATE>,この辺りは、だいたい終わったかな......<br>ふぅ......疲れたー,<PLEASE_TRANSLATE>
areaComplete01,この辺は、もういいかな<br>あっつー......,I think we're done around here.<br>It's hot......,この辺りは、このくらいですかね......<br>はぁぁ......,I think that's about everything around here......<br>Haaah......,さて、こんなもんかな<br>だいたい見終わったし、終わり！,"Well, that's probably enough<br>We've pretty much seen everything, so we're done!",んー......だいたい見終わったかな<br>よしよし、まぁこんなもんでしょ,<PLEASE_TRANSLATE>,よし、だいたい見終わった<br>もう十分でしょ,<PLEASE_TRANSLATE>,この辺は、もういいかな<br>......よし,<PLEASE_TRANSLATE>,この辺は、もういいですかね<br>あっつーい,<PLEASE_TRANSLATE>,この辺は、もういいかな<br>暑い！,<PLEASE_TRANSLATE>
areaComplete02,だいたい見終わったかな<br>やー......疲れた疲れた,I guess we've pretty much seen everything.<br>Man...... I'm tired， tired.,これで、だいたいおしまいですね......<br>今日も終わっちゃうな......,I guess that's mostly everything......<br>Another day is coming to an end......,うーん、この辺りはおしまいだね<br>疲れたー,"Hmm, looks like we're done around here<br>I'm tired～",この辺りはこれで終わり！<br>やー......まぁまぁ疲れちゃったなー,<PLEASE_TRANSLATE>,おしまい！<br>疲れた疲れた......,<PLEASE_TRANSLATE>,だいたい見終わったかな<br>......疲れた,<PLEASE_TRANSLATE>,だいたい見終わりましたかね<br>やぁ......疲れました,<PLEASE_TRANSLATE>,だいたい見終わったかな<br>やー......疲れた疲れた！,<PLEASE_TRANSLATE>
find00,{0}を見つけたよ,I found {0}.,{0}を見つけました......,I found {0}......,{0}を発見！,Found {0}!,{0}、見つけたー,<PLEASE_TRANSLATE>,{0}、見つけた,<PLEASE_TRANSLATE>,{0}を見つけた,<PLEASE_TRANSLATE>,{0}を見つけました,<PLEASE_TRANSLATE>,{0}、みーっけ！,<PLEASE_TRANSLATE>
find01,{0}、みっけ,Found {0}.,あ、{0}、見つけました,"Ah, I found {0}",{0}、みーっけ,Found it～ {0},{0}、はっけーん,<PLEASE_TRANSLATE>,{0}、発見,<PLEASE_TRANSLATE>,{0}、見つけた,<PLEASE_TRANSLATE>,{0}、発見です,<PLEASE_TRANSLATE>,{0}、見つけたっす！,<PLEASE_TRANSLATE>
find02,あ、{0}だ,Oh， it's {0}.,{0}、見つけました......,I found {0}......,あー！　{0}、見つけた！,Aah! I found {0}!,んー？　{0}、みっけー,<PLEASE_TRANSLATE>,あ......{0}、みっけ,<PLEASE_TRANSLATE>,......{0}だ,<PLEASE_TRANSLATE>,あ、{0}見つけました,<PLEASE_TRANSLATE>,あ、{0}だ！,<PLEASE_TRANSLATE>
callObject00,{0}......あった,{0}...... There it is.,{0}......あ、ありました,"{0}...... Ah, there it is",{0}？　あ、あった,"{0}? Oh, there it is",{0}、あるねー,<PLEASE_TRANSLATE>,{0}？　あ......これね,<PLEASE_TRANSLATE>,{0}......あった,<PLEASE_TRANSLATE>,{0}......ありました,<PLEASE_TRANSLATE>,{0}......あった！,<PLEASE_TRANSLATE>
callObject01,{0}......ん。見つけた,{0}...... Mm. Found it.,{0}......？　あ、見つけました！,"{0}......? Ah, I found it!",{0}......あ、みっけ,"{0}...... Ah, found it",{0}？　あ、あったー,<PLEASE_TRANSLATE>,{0}、あるね,<PLEASE_TRANSLATE>,{0}......。ああ、見つけた,<PLEASE_TRANSLATE>,{0}......あ、はい。見つけました,<PLEASE_TRANSLATE>,{0}......お。見つけた！,<PLEASE_TRANSLATE>
callObject02,{0}？　......あ。あるね,{0}? ......Oh. There it is.,えーと......{0}......あ、ありました,"Um...... {0}...... Ah, there it is",{0}......あるね,{0}...... There it is,{0}......お。見つけた,<PLEASE_TRANSLATE>,{0}......。あ、見つけた,<PLEASE_TRANSLATE>,{0}？　......あ。あった,<PLEASE_TRANSLATE>,{0}、ですか？　......あ。ありますね,<PLEASE_TRANSLATE>,{0}？　......あ、ありました！,<PLEASE_TRANSLATE>
confirmSuccess00,おっけー,Okay.,はい！,Yes!,りょーかい！,Gotcha!,おっけーい,<PLEASE_TRANSLATE>,おけい,<PLEASE_TRANSLATE>,わかった,<PLEASE_TRANSLATE>,わかりました,<PLEASE_TRANSLATE>,おっけーい！,<PLEASE_TRANSLATE>
confirmFailed00,<button>うん</button>とか<button>いや</button>って答えてくれない？,Could you answer with <button>Yes</button> or <button>No</button>?,あの......<button>はい</button>とか<button>いいえ</button>で答えてくれますか.......？　ごめんなさい......,Um...... Could you answer with <button>yes</button> or <button>no</button>.......? Sorry......,<button>うん</button>とか<button>いや</button>とかで答えてくれない？,Can you answer with <button>yeah</button> or <button>nope</button>?,<button>イエス</button>とか<button>ノー</button>とかで答えてくんない？,<PLEASE_TRANSLATE>,<button>イエス</button>とか<button>ノー</button>とかで答えてくれん？,<PLEASE_TRANSLATE>,<button>うん</button>か<button>いや</button>で答えてくれない？,<PLEASE_TRANSLATE>,<button>はい</button>とか<button>いいえ</button>で答えていただけます？,<PLEASE_TRANSLATE>,え、ええと......<button>うん</button>とか<button>いや</button>って答えてほしいっす......可能なら......,<PLEASE_TRANSLATE>
checkConfirm00,奥に何かありそう......。<button>見てみる</button>べきだと思う？　<button>やめとく</button>？,Looks like there might be something farther in...... Do you think we should <button>Take a look</button>? Or <button>Leave it</button>?,奥に何か見えます......。<button>調べて</button>みるべきでしょうか......。<button>やめときます</button>......？,I can see something farther inside...... Should we <button>check</button> it......? Or...... <button>leave it</button>......?,お......？　奥、何かあるかも。<button>見てみる</button>？　<button>やめとく</button>？,Oh......? There might be something deeper in. Wanna <button>look</button>? Or <button>leave it</button>?,奥に何か見えるねー。<button>見てみる</button>べきー？　<button>やめとく</button>ー？,<PLEASE_TRANSLATE>,奥に何か見えるね......<button>見てみる</button>べき？　<button>やめとく</button>？,<PLEASE_TRANSLATE>,奥に何かありそうだ......。<button>見てみる</button>べき？　<button>やめとく</button>？,<PLEASE_TRANSLATE>,奥に何かありそうですね......。<button>見てみます</button>？　<button>やめときます</button>？,<PLEASE_TRANSLATE>,うーむ......奥に何かありそうかも。<button>見てみる</button>っすか？　<button>やめとく</button>？,<PLEASE_TRANSLATE>
search00,{0}を調べてみる......,I'll check out {0}......,{0}を調べてみます......,I'll check {0}......,{0}を見てみるね,I'll check out {0},{0}を調べてみよーっと,<PLEASE_TRANSLATE>,{0}、調べてみよう,<PLEASE_TRANSLATE>,{0}を調べてみよう......,<PLEASE_TRANSLATE>,{0}を調べてみます......,<PLEASE_TRANSLATE>,{0}、見てみよー,<PLEASE_TRANSLATE>
itemNotFound00,うーん......何もないみたい,Hmm...... Looks like there's nothing here.,何もなかったです......,There was nothing......,何もなかった。残念,Nothing here. Bummer,何もないねー。ざーんねん,<PLEASE_TRANSLATE>,何もないね。ざんねん,<PLEASE_TRANSLATE>,うーん......何もないみたいだ,<PLEASE_TRANSLATE>,ええと......何もないみたいですね......,<PLEASE_TRANSLATE>,うーん......何もない！　虚無！,<PLEASE_TRANSLATE>
nothing00,何もないな......,There's nothing here......,何もないですね......,There's nothing here......,なんにもないなぁ,There's nothing here～,なーんもないねー,<PLEASE_TRANSLATE>,なんもないね,<PLEASE_TRANSLATE>,何もないな......,<PLEASE_TRANSLATE>,何もないです......,<PLEASE_TRANSLATE>,何もない......,<PLEASE_TRANSLATE>
interactTry00,{0}がある......<br>どうしよ、何してみる？,There's {0}......<br>What should we do? What should we try?,{0}があります......<br>どうしよう、何してみます......？,There's {0}......<br>What should we do......? What should I try?,{0}があるね......<br>どーしよ、何してみよっか？,There's {0}......<br>What should we do? What should I try?,{0}がある......<br>どーしよっかなー、何してみるー？,<PLEASE_TRANSLATE>,{0}がある......<br>どしよ、なんしてみる？,<PLEASE_TRANSLATE>,{0}がある......<br>どうしよう。何してみる？,<PLEASE_TRANSLATE>,{0}があります......<br>どうしましょう、何してみます？,<PLEASE_TRANSLATE>,{0}があるっす......<br>どうしよ、何してみるっすか？,<PLEASE_TRANSLATE>
interactFailed00,......<br>うーん、だめみたい,......<br>Hmm， doesn't look like it works.,......<br>......うーん......だめみたいです......,......<br>......Hmm...... It doesn't seem to work......,......<br>だめっぽいね。残念,......<br>Doesn't look like it. Bummer,......<br>うーむ、だめみたい,<PLEASE_TRANSLATE>,......<br>......だめらしい,<PLEASE_TRANSLATE>,......<br>うーん、だめみたいだ,<PLEASE_TRANSLATE>,......<br>うーん、だめみたいですね......,<PLEASE_TRANSLATE>,......<br>うーん、だ、だめみたいっす......,<PLEASE_TRANSLATE>
interactRetry00,？　何やってみる？　って訊いてるんだけど......,Huh? I'm asking what you want to try......,えーと......　何やってみましょう......って訊いてるんですが......,Um...... I'm asking what we should try......,うーんと？　何してみる？　って訊いてるんだよ？,"Umm? I'm asking what you wanna try, okay?",えー？　何してみる、って訊いてるんだけどー？,<PLEASE_TRANSLATE>,うん？　なにしてみる、って訊いとんだけど？,<PLEASE_TRANSLATE>,？　何やってみるか、って訊いてるんだけど,<PLEASE_TRANSLATE>,？　何やってみましょうか、という話なんですけど......,<PLEASE_TRANSLATE>,え、ええと......何やってみる？　って訊いてるんすけど......す、すみません......,<PLEASE_TRANSLATE>
interactCancel00,わかった。ほっとくね,Got it. We'll leave it alone.,わかりました。触らないでおきます......,I understand. I'll leave it alone......,おっけ。ほっとく,Okay. I'll leave it alone,おっけーい。ほっとこー,<PLEASE_TRANSLATE>,おけい。ほっとく,<PLEASE_TRANSLATE>,わかった。ほっとこう,<PLEASE_TRANSLATE>,わかりました。放っておくことにます,<PLEASE_TRANSLATE>,おっけ！　触らない！,<PLEASE_TRANSLATE>
avoid00,あの{0}......なんかやな感じする。近寄らないようにしよ,That {0}...... gives me a bad feeling. Let's stay away from it.,{0}があるんですけど......なんか変な感じ......。近寄らないようにします......,There's {0}...... It feels strange...... I'll stay away from it......,あの{0}、なんかやだな。近寄らないようにしよっと,"I dunno, I don't like that {0}. Let's stay away from it",あー。あの{0}、危なそう。ほっとこ,<PLEASE_TRANSLATE>,ん－......<br>あの{0}、危なそうね。ほっとく,<PLEASE_TRANSLATE>,あの{0}......なんかやな感じする。近寄らないようにしよう,<PLEASE_TRANSLATE>,あの{0}......なんか嫌な感じ、しますね......。近寄らないようにしましょう,<PLEASE_TRANSLATE>,あの{0}......なんかやな感じするっす。近寄らないようにしよ......,<PLEASE_TRANSLATE>
callAvoid00,......わかった。近寄らないようにする,......Okay. We'll stay away from it.,......？　......わかりました、近づきません,"......? ......Okay, I won't go near it",......おっけー。触らないようにする,......Okay. I won't touch it,{0}？　あー......了解。ほっとくー,<PLEASE_TRANSLATE>,{0}？　あー......わかった。ほっとく,<PLEASE_TRANSLATE>,......わかった。近寄らないようにする,<PLEASE_TRANSLATE>,......わかりました。近寄らないようにします,<PLEASE_TRANSLATE>,了解！　触らない！,<PLEASE_TRANSLATE>
hideable00,隠れられるくらいの隙間があるね,There's a gap big enough to hide in.,隠れることができるくらいの隙間があります......,There's a gap big enough to hide in......,隠れられそ！,Looks like I can hide here!,隠れるってのもありかもね,<PLEASE_TRANSLATE>,ここ、隠れられそうね......,<PLEASE_TRANSLATE>,隠れられるくらいの隙間がある......,<PLEASE_TRANSLATE>,あら......隠れられそうな隙間がありますね,<PLEASE_TRANSLATE>,隙間ある......こ、ここに隠れてたら安全かも......,<PLEASE_TRANSLATE>
hide00,ここに隠れてみる......,I'll try hiding here......,ここに隠れときます......,I'll hide here......,ここに隠れてみるね,I'll hide here,ここに隠れとこー,<PLEASE_TRANSLATE>,ちょっと隠れとく......,<PLEASE_TRANSLATE>,少し、ここに隠れてみよう......,<PLEASE_TRANSLATE>,ちょっとだけ、ここに隠れてみましょう......,<PLEASE_TRANSLATE>,隠れとこ......<br>狭い......でもこの安心感......,<PLEASE_TRANSLATE>
hideSuccess00,......<br>......感染者が向こうにいったね......もう少しでかち合うとこだった......,......<br>......The Infected went that way...... We almost ran into them......,......<br>......感染者が向こうに歩いていきました......鉢合わせなくてよかった......,......<br>......The Infected walked away over there...... I'm glad we didn't run into it......,......<br>......感染者、あっち行ったね。......セーフ,......<br>......The Infected went that way. ......Safe,......<br>......感染者、あっち行ったね。ふー。あぶないあぶない,<PLEASE_TRANSLATE>,......<br>......感染者、あっち行った<br>ふー。あぶあぶ,<PLEASE_TRANSLATE>,......<br>......感染者が向こうにいった......もう少しでかち合うとこだった......,<PLEASE_TRANSLATE>,......<br>......感染者、向こうにいきましたね......もう少しでかち合うところでした......,<PLEASE_TRANSLATE>,......<br>......感染者、向こう行った......<br>死ぬとこだった......セーフ,<PLEASE_TRANSLATE>
hideFailed00,......そこに隠れるのは、さすがにむりじゃない？,......I don't think we can hide there， do you?,......そこに隠れるのは......難しい......です......,......It's...... difficult to hide there......,......？　さすがに、そこには隠れられなくない？,"......? Seriously, we can't hide there, can we?",......隠れる？　そこに？　あはは。じょーだんでしょ？,<PLEASE_TRANSLATE>,......隠れる？　そこ？<br>......あ。冗談か<br>......冗談、よね？,<PLEASE_TRANSLATE>,......そこに隠れるのは、厳しい......,<PLEASE_TRANSLATE>,......そこに隠れるのは、さすがに......,<PLEASE_TRANSLATE>,......そ、そこに隠れるのは、さすがにむりでは......？,<PLEASE_TRANSLATE>
hideEnd00,......<br>......この辺りは、何もいないみたい,......<br>......Looks like there's nothing around here.,......<br>......この辺りは、何もいないみたいです......,......<br>......It looks like there's no one around here......,......<br>......この辺は、何もいなさそうだね,......<br>......Looks like there's nothing around here,......<br>......この辺は大丈夫みたいだね。なんにもいない,<PLEASE_TRANSLATE>,......<br>......この辺はなんもおらんみたい。安全よし！,<PLEASE_TRANSLATE>,......<br>......この辺りは、何もいないようだ,<PLEASE_TRANSLATE>,......<br>......この辺りは、何もいないようですね......,<PLEASE_TRANSLATE>,......<br>......この辺は、何もいないっぽい......<br>さらば隙間の安心感......,<PLEASE_TRANSLATE>
useLight00,{0}で暗がりを調べてみる......<br>何かあるかな......,I'll use {0} to look into the darkness......<br>I wonder if there's anything there......,{0}で暗がりを照らしてみます......<br>うぅ......ちょっと怖い......,I'll use {0} to light up the darkness......<br>Ugh...... I'm a little scared......,{0}で暗がりを調べてみるね！<br>何があるかなー,I'll use {0} to check the dark!<br>Wonder what's in there～,{0}で暗がりを調べてみるよーっと<br>何があーるかなっ,<PLEASE_TRANSLATE>,{0}で暗がりを調べてみよ<br>なんかあるかね......,<PLEASE_TRANSLATE>,{0}で暗がりを調べてみる......<br>......何かあるといいけど,<PLEASE_TRANSLATE>,{0}で暗がりを調べてみます......<br>何かあるでしょうか......,<PLEASE_TRANSLATE>,{0}で暗がりを調べてみよ！<br>何かあるかな......,<PLEASE_TRANSLATE>
useBell00,{0}、投げてみる......<br>......感染者、あっち行ったね<br>よし、もう大丈夫,I'll throw {0}......<br>......The Infected went that way.<br>Okay， we're safe now.,{0}、投げてみます......<br>......感染者、あっち行っちゃいました......<br>ふぅ......,I'll throw {0}......<br>......The Infected went that way......<br>Phew......,{0}、投げてみるよ......<br>......感染者、あっち行ったっぽい<br>安全確認よし！,I'll throw {0}......<br>......Looks like the Infected went that way<br>All clear!,{0}、投げてみよ......<br>......よし。感染者、あっち行ったねー<br>あんぜーん,<PLEASE_TRANSLATE>,{0}、投げてみよ......<br>......よし。感染者、あっち行った<br>これで安心,<PLEASE_TRANSLATE>,{0}、投げてみる......<br>......感染者、あっち行った<br>よし......,<PLEASE_TRANSLATE>,{0}、投げてみます......！<br>......感染者、あちらに行きましたね<br>もう大丈夫そうです,<PLEASE_TRANSLATE>,{0}、投げてみる！<br>......感染者、あっち行った......<br>よしよし！,<PLEASE_TRANSLATE>
itemAttack00,{0}、使ったよ......！,I used {0}......!,{0}、つ、使いました......！,I-I used {0}......!,おりゃっ！　{0}、使ったよ！,Hiyah! I used {0}!,とうっ！　{0}、使ったよー,<PLEASE_TRANSLATE>,とーっ{0}、使ったよ,<PLEASE_TRANSLATE>,{0}、使った......,<PLEASE_TRANSLATE>,{0}、使いました......！,<PLEASE_TRANSLATE>,{0}、使った......！,<PLEASE_TRANSLATE>
observeSafe00,{0}......うーん。安全そう。たぶん,{0}...... Hmm. Looks safe. Probably.,{0}......安全そうです......た、たぶん......,{0}...... It looks safe...... P-probably......,{0}......大丈夫じゃない？　たぶん,"{0}...... Looks safe, right? Probably",{0}......まー、大丈夫なんじゃない？,<PLEASE_TRANSLATE>,{0}......まぁ、大丈夫......じゃない？,<PLEASE_TRANSLATE>,{0}......。安全そう。たぶん,<PLEASE_TRANSLATE>,{0}......うーん。安全そうですね。おそらく,<PLEASE_TRANSLATE>,{0}......うーん。安全っぽい？　たぶん,<PLEASE_TRANSLATE>
observeDanger00,{0}......これ、やばいかも。やな予感する......<br><button>見てみる</button>？　<button>やめとく</button>？,{0}...... This might be bad. I have a bad feeling about this......<br><button>Take a look</button>? Or <button>Leave it</button>?,{0}......よくない感じします......触らない方がよさそう......<br><button>見てみます</button>？　<button>やめときます</button>......？,{0}...... It doesn't feel right...... We probably shouldn't touch it......<br>Should we <button>look</button>? Or...... <button>leave it</button>......?,{0}......うーん......やばいかも......<br><button>見てみる</button>？　<button>やめとく</button>？,{0}...... Hmm...... This might be bad......<br>Wanna <button>look</button>? Or <button>leave it</button>?,{0}......んー、だめかも。嫌な感じする,<PLEASE_TRANSLATE>,{0}......んー、だめそう。やな感じ,<PLEASE_TRANSLATE>,{0}......これ、やばいかも。嫌な感じ......<br><button>見てみる</button>？　<button>やめとく</button>？,<PLEASE_TRANSLATE>,{0}......これ、よくない予感します......なんとなく......<br><button>見てみます</button>？　それとも<button>やめときます</button>？,<PLEASE_TRANSLATE>,{0}......これ、やばいかも。やな予感する<br><button>見てみる</button>っすか？　<button>やめとく</button>？,<PLEASE_TRANSLATE>
observeFailed00,......？　<button>見てみる</button>か、<button>やめとく</button>か訊いてるんだけど......,......? I'm asking whether we should <button>Take a look</button> or <button>Leave it</button>......,......？　<button>見てみる</button>か、<button>やめとく</button>か訊いてるんですけど......,......? I'm asking whether to <button>look</button> or <button>leave it</button>......,え？　<button>見てみる</button>か、<button>やめとく</button>か訊いてるんだけど......,Huh? I'm asking if we should <button>look</button> or <button>leave it</button>......,えー？　<button>見てみる</button>か、<button>やめとく</button>か訊いてるんだけど？,<PLEASE_TRANSLATE>,え......？　<button>見てみる</button>か、<button>やめとく</button>か訊いとるんだけど......,<PLEASE_TRANSLATE>,......？　<button>見てみる</button>か、<button>やめとく</button>か訊いてるんだけど,<PLEASE_TRANSLATE>,......？　<button>見てみる</button>か、<button>やめとく</button>か訊いてるんですが......,<PLEASE_TRANSLATE>,......？　<button>見てみる</button>か、<button>やめとく</button>か訊いてるんだけど......,<PLEASE_TRANSLATE>
readNote00,あ......{0}に何か書いてある......<br>『{1}』......だって<br>......,Ah...... there's something written on {0}......<br>It says <q>{1}</q>......<br>......,あ......{0}に何か書いてあります......<br>『{1}』......<br>......,Ah...... There's something written on {0}......<br>『{1}』......<br>......,お......{0}に何か書いてあるね......<br>『{1}』......だって<br>......,Oh...... There's something written on {0}......<br>It says 『{1}』<br>......,あ......{0}に何か書いてあるねー<br>『{1}』......だってー<br>......,<PLEASE_TRANSLATE>,あ......{0}に何か書いとるね......<br>『{1}』......だって<br>......,<PLEASE_TRANSLATE>,......{0}に何か書いてある......<br>『{1}』......だって<br>......,<PLEASE_TRANSLATE>,あ......{0}に何か書いてあります......読んでみますね<br>『{1}』......だそうです<br>......,<PLEASE_TRANSLATE>,あ......{0}に何か書いてあるっす......<br>『{1}』......だって<br>......,<PLEASE_TRANSLATE>
escapeLocation00,......もう、ここから出よ？　ね？,......Let's get out of here， okay?,あの......もうここから出ませんか......？　お願いします......,Um...... Could we leave this place now......? Please......,もう、出ない？　ここ......,Can we get out of here already? ......,ねー。ここ、もう出ない......？,<PLEASE_TRANSLATE>,ね......。ここ、もう出ん？,<PLEASE_TRANSLATE>,......もう、ここから出よう。......ね？,<PLEASE_TRANSLATE>,......もう、ここから出ましょう.......,<PLEASE_TRANSLATE>,......も、もう、無理！<br>帰る！　さよなら！,<PLEASE_TRANSLATE>
openBox00,{0}、開けてみる......,I'll try opening {0}......,{0}、開けてみます......,I'll try opening {0}......,{0}、開けちゃお！,Let's open {0}!,{0}、開けるねー,<PLEASE_TRANSLATE>,{0}、開けるね,<PLEASE_TRANSLATE>,{0}、開けてみる,<PLEASE_TRANSLATE>,{0}、開けてみます......,<PLEASE_TRANSLATE>,{0}、開けてみよ......,<PLEASE_TRANSLATE>
moveObstacle00,{0}がある......<br>どかさないと通れないね......<br>......よっと<br>......これでよし,There's {0}......<br>We can't get through unless we move it......<br>......Hup.<br>......There， that'll do.,{0}があります......<br>どかさないと通れないですね......<br>よいしょっと......<br>......ふぅ,There's {0}......<br>We'll have to move it to get through......<br>Heave-ho......<br>......Phew,{0}があるね......<br>通るなら、どかさないとね......<br>......よっ！<br>......ふー,There's {0}......<br>We'll have to move it if we wanna get through......<br>......Heave!<br>......Phew,{0}があるねー<br>どかさないと、通れないかー......<br>......よっ<br>......よしっと,<PLEASE_TRANSLATE>,{0}があるね<br>どかさんと、通れんなー......<br>......よっ<br>......これで、おけ,<PLEASE_TRANSLATE>,{0}がある......<br>どかさないと通れないな......<br>......よっ<br>......これで大丈夫,<PLEASE_TRANSLATE>,{0}があります......<br>どかさないと通れませんね<br>......よっと<br>......これでいいでしょう,<PLEASE_TRANSLATE>,{0}、邪魔だなー<br>どかさないと......<br>......よっこらせ<br>......これでよし！,<PLEASE_TRANSLATE>
findEnemyObstacle00,{0}がいる......<br>ここ通るなら、やるしかないか......,There's {0}......<br>If we're going this way， I guess we'll have to fight......,{0}がいます......<br>ここ通るなら、やるしかない......ですよね......,"There's {0}......<br>If we want to get through here, we have to fight...... right......?",{0}がいるね......<br>ここ通るなら、やっちゃうしかないね,"There's a {0}......<br>If we wanna get through here, we'll have to take it down",{0}がいるねー<br>ここ通るなら、やるしかないっかー,<PLEASE_TRANSLATE>,{0}がおるね......<br>ここ通るなら、やるしかないね......,<PLEASE_TRANSLATE>,{0}がいる......<br>ここ通るなら、やるしかないな......,<PLEASE_TRANSLATE>,{0}がいます......<br>ここ通るなら、避けられないですね......,<PLEASE_TRANSLATE>,{0}がいるっす......<br>通るなら、やるしかない......やるしか......,<PLEASE_TRANSLATE>
intoPocket00,あ......<button>{0}</button>、見つけた。ポケットに入れとこ,Ah......<button>{0}</button>， found it. I'll put it in my pocket.,あ......<button>{0}</button>、見つけました......。ポケットに入れときます......,Ah...... I found <button>{0}</button>...... I'll put it in my pocket......,お......？　<button>{0}</button>、みっけ。ポケットに入れとこーっと,Oh......? Found <button>{0}</button>. I'll stick it in my pocket～,んー......？　<button>{0}</button>、見つけた。ポケットに入れとくよ,<PLEASE_TRANSLATE>,お......。<button>{0}</button>、見つけた。ポケットに入れとく,<PLEASE_TRANSLATE>,......<button>{0}</button>、見つけた。ポケットに入れておこう,<PLEASE_TRANSLATE>,あ......<button>{0}</button>、見つけました。小さいので、ポケットに仕舞っときますね,<PLEASE_TRANSLATE>,あ......<button>{0}</button>、見つけた。ポケットに入れとこ,<PLEASE_TRANSLATE>
findFuel00,あ......<button>{0}</button>、見つけた<br>あとで運んどくね,Ah......<button>{0}</button>， found it.<br>I'll carry it along later.,あ......<button>{0}</button>、見つけました......<br>あとで運んでおきます......,Ah...... I found <button>{0}</button>......<br>I'll carry it later......,お......？　<button>{0}</button>、みっけ<br>あとで運んどくねー,Oh......? Found <button>{0}</button><br>I'll haul it over later～,んー......？　<button>{0}</button>、見つけた<br>あとで運んどくよ,<PLEASE_TRANSLATE>,お......。<button>{0}</button>、見つけた<br>あとで運んどく,<PLEASE_TRANSLATE>,......<button>{0}</button>、見つけた<br>あとで運んでおこう,<PLEASE_TRANSLATE>,あ......<button>{0}</button>、見つけました<br>あとで運んでおきますね,<PLEASE_TRANSLATE>,あ......<button>{0}</button>、見つけた<br>あとで運んどこ！,<PLEASE_TRANSLATE>
lockedOutside00,ん......{0}、鍵かかってる......<br>どこかに鍵、落ちてないかな......,Mm...... {0} is locked......<br>I wonder if there's a key lying around somewhere......,あれ......{0}、鍵かかってます......<br>どこかに鍵、落ちてませんかね......,Huh...... {0} is locked......<br>I wonder if there's a key somewhere......,ん......{0}、鍵かかってる......<br>どこかに鍵、落ちてないかな......,Hmm...... {0}'s locked......<br>Wonder if there's a key lying around......,おー？　{0}、鍵かかってるねー......<br>どこかに鍵、落ちてるといいけど......,<PLEASE_TRANSLATE>,あれ。{0}、鍵かかっとるね......<br>どこかに鍵、落ちとるといいけど......,<PLEASE_TRANSLATE>,......{0}、鍵かかってる......<br>どこかに鍵、落ちてるといいけど,<PLEASE_TRANSLATE>,ん......{0}、鍵かかっています......<br>どこかに鍵、落ちてませんかね......,<PLEASE_TRANSLATE>,あれ......{0}、鍵かかってる......<br>鍵！　鍵探さないと......ここで野垂れ死にたくない......,<PLEASE_TRANSLATE>
unlockOutside00,<button>{0}</button>で鍵、開けたよ。よし......,I unlocked it with <button>{0}</button>. Okay......,<button>{0}</button>で鍵、開けました！,I opened the lock with <button>{0}</button>!,<button>{0}</button>で鍵、開けたよ！　やったね,I opened the lock with <button>{0}</button>! Nice!,<button>{0}</button>で鍵、開けたよー。よしよし,<PLEASE_TRANSLATE>,<button>{0}</button>で鍵、開けれた。よし,<PLEASE_TRANSLATE>,<button>{0}</button>で鍵、開けた。よし......,<PLEASE_TRANSLATE>,<button>{0}</button>で鍵、開けました！　よーし......,<PLEASE_TRANSLATE>,<button>{0}</button>で鍵、開けた！　野垂れ死に回避！,<PLEASE_TRANSLATE>
brokenOutsid00,あれ......{0}、壊れちゃってる.......開けられない......<br>どこか、別の出口探さなきゃ......,Huh...... {0} is broken....... I can't open it......<br>We'll have to find another way out......,あれ......{0}、壊れちゃってます.......開かない......<br>どこか、別の出口探すしかないですね......,Huh...... {0} is broken....... It won't open......<br>I guess we'll have to find another exit......,あれ......{0}、壊れちゃってる.......？　開かなーい<br>どっか、別の出口探さなきゃだねー,Huh...... {0}'s broken....... Won't open～<br>Guess we gotta find another exit～,うお......{0}、壊れちゃってるっぽい.......。開かないねー<br>どっか、別の出口探さなきゃかなー,<PLEASE_TRANSLATE>,お......{0}、壊れちゃってるっぽい.......。開かんね<br>どっか、別の出口探さんとね......,<PLEASE_TRANSLATE>,......{0}、壊れてる......開けられないな<br>どこか、別の出口探さないと,<PLEASE_TRANSLATE>,あれ......{0}、壊れちゃってます.......開けられませんね......<br>どこか、別の出口を探さないと......,<PLEASE_TRANSLATE>,あーれ......{0}、壊れちゃってるっぽい......？<br>どっか別の出口探さなないと......,<PLEASE_TRANSLATE>
confirmEnemyBoss00,ここ......何かいるっぽい......やばいかも......<br>ほんとに<button>入ってみる</button>？　<button>帰る</button>方がいい？,There's something in here...... This could be bad......<br>Are we really going to <button>Go in</button>? Maybe we should <button>Go back</button>?,ここ......何かいそうです......やめといた方がいいかも......<br>ほんとに<button>入ってみます</button>？　<button>帰る</button>方がいいです......？,There's...... something in there...... Maybe we shouldn't......<br>Are you really going to <button>go in</button>? Maybe we should <button>go back</button>......?,ここ......何かいるっぽい......やばそう......<br>ほんとに<button>入ってみる</button>？　<button>帰る</button>方がいい？,There's...... something in here...... Looks bad......<br>Are we really <button>going in</button>? Maybe we should <button>go home</button>?,ここ......何かいるっぽいよ......やばいかも......<br>ほんとに<button>入ってみる</button>？　<button>帰る</button>？,<PLEASE_TRANSLATE>,ここ......何かおるね......やばい系かも......<br>ほんとに<button>入ってみる</button>？　<button>帰る</button>？,<PLEASE_TRANSLATE>,ここ......何かいるみたいだ。危険かもしれない......<br>本当に<button>入ってみる</button>？　<button>帰る</button>方がいい？,<PLEASE_TRANSLATE>,ここ......何かいるみたいです......危険な気配です......<br>本当に<button>入ってみます</button>？　<button>帰る</button>方がいいでしょうか？,<PLEASE_TRANSLATE>,ここ......何かいるかも......やばい気配......<br>ほ、ほんとに<button>入ってみる</button>っすか......？　<button>帰る</button>方がよくない......？　だめ......？,<PLEASE_TRANSLATE>
confirmEnemyBossSurvivor00,{0}がここで待ってるけど......<br><button>入ってみる</button>？　<button>帰る</button>方がいい？,{0} is waiting in there......<br>Should we <button>Go in</button>? Or would it be better to <button>Go back</button>?,,,,,,,,,,,,,{0}がここで待ってる......はず......<br><button>入ってみる</button>？　<button>帰る</button>方がいいっすか？　あえて？,<PLEASE_TRANSLATE>
confirmEnemyBossSuccess00,じゃあ、入ってみる......,Okay， let's go in......,じゃあ、入ってみます......,"Okay, I'll go in......",じゃあ、入ってみるよ......,"Okay, I'm going in......",じゃあ、入ってみるね......,<PLEASE_TRANSLATE>,じゃあ......入ってみる......,<PLEASE_TRANSLATE>,......入ってみる,<PLEASE_TRANSLATE>,それでは、入ってみます......,<PLEASE_TRANSLATE>,じゃ、じゃあ、入ってみるっす......ぴえん......,<PLEASE_TRANSLATE>
confirmEnemyBossFailed00,......？　<button>入る</button>か、<button>帰る</button>か、訊いてるんだけど......？,......? I'm asking whether we should <button>Go in</button> or <button>Go back</button>......?,......？　<button>入る</button>か、<button>帰る</button>か、訊いてるんですけど......？,......? I'm asking whether to <button>go in</button> or <button>go back</button>......?,え？　<button>入る</button>か、<button>帰る</button>か、訊いてるんだけど？,Huh? I'm asking whether to <button>go in</button> or <button>go home</button>!,えー？　<button>入る</button>か、<button>帰る</button>か、訊いてるんだけど？,<PLEASE_TRANSLATE>,えー？　<button>入る</button>か、<button>帰る</button>か、訊いとるんだけど？,<PLEASE_TRANSLATE>,......？　<button>入る</button>か、<button>帰る</button>か、訊いてるんだけど,<PLEASE_TRANSLATE>,......？　<button>入る</button>か、<button>帰る</button>か、訊いてるんですが......？,<PLEASE_TRANSLATE>,え、ええ......？　<button>入る</button>か、<button>帰る</button>か、訊いてるんすけど......？,<PLEASE_TRANSLATE>
confirmEnemyBossCancel00,......ここは、諦めよっか......,......Let's give up on this one......,......ここは諦めて、帰ります......,......Let's give up here and go back......,......ここは諦めよう......,......Let's give up here......,ここはやめとこう,<PLEASE_TRANSLATE>,ここはやめとこ,<PLEASE_TRANSLATE>,......ここは、諦めよう,<PLEASE_TRANSLATE>,......ここは、諦めましょうか......,<PLEASE_TRANSLATE>,はい！　ここは諦めます！　戦略的撤退！,<PLEASE_TRANSLATE>
enemyWaiting00,{0}、きょろきょろしてる......,{0}'s looking around......,{0}、きょろきょろしてます......,{0} is looking around......,{0}、きょろきょろしてるね......,{0}'s looking around......,{0}、なんか、きょろきょろしてるねー......,<PLEASE_TRANSLATE>,{0}、なんか、きょろきょろしとるねー......,<PLEASE_TRANSLATE>,{0}、ふらふらしてる......,<PLEASE_TRANSLATE>,{0}、きょろきょろしてます......,<PLEASE_TRANSLATE>,{0}、きょろきょろしてる......！,<PLEASE_TRANSLATE>
enemyCharging00,{0}、何かしようとしてるっぽい......！,{0} looks like it's about to do something......!,{0}、何かしようとしてるみたいです......！,{0} looks like it's about to do something......!,{0}、何かしようとしてる......！,{0}'s trying to do something......!,{0}、何かしようとしてるっぽいね......！,<PLEASE_TRANSLATE>,{0}、何かしようとしとるっぽい......！,<PLEASE_TRANSLATE>,{0}、何かしようとしてるな......,<PLEASE_TRANSLATE>,{0}、何かしようとしてるみたいです......！,<PLEASE_TRANSLATE>,{0}、何かしようとしてるっぽいっす！　やだ！　むり！,<PLEASE_TRANSLATE>
enemySmashing00,すごい一撃......！,What a hit......!,すごい一撃......！,What a hit......!,すごい一撃......！,What a hit......!,すごい一撃......！,<PLEASE_TRANSLATE>,がー......すんごい一撃......！,<PLEASE_TRANSLATE>,この一撃......重い......,<PLEASE_TRANSLATE>,凄まじい一撃......！,<PLEASE_TRANSLATE>,すごい一撃......！　ぐあああああ,<PLEASE_TRANSLATE>
enemyStealItem00,あ......！<br>{0}に<red>{1}</red>盗まれちゃった！,Ah......!<br>{0} stole my <red>{1}</red>!,ああ......！<br>{0}に<red>{1}</red>盗まれちゃいました......！,Oh no......!<br>{0} stole <red>{1}</red>......!,おお......！<br>{0}に<red>{1}</red>盗まれちゃった！,Whoa......!<br>{0} stole <red>{1}</red> from me!,おっと......！<br>{0}に<red>{1}</red>盗まれちゃったー,<PLEASE_TRANSLATE>,おぉ......<br>{0}に<red>{1}</red>、盗まれちゃった,<PLEASE_TRANSLATE>,あ......<br>{0}に<red>{1}</red>盗まれた......,<PLEASE_TRANSLATE>,あ......！<br>{0}に<red>{1}</red>盗まれちゃいました！,<PLEASE_TRANSLATE>,あ！<br>{0}に<red>{1}</red>盗まれた！　こいつ手癖悪い！　最低！,<PLEASE_TRANSLATE>
takeBackItems00,とられたもの、とり返したよ,I got back what was stolen.,とられたもの、とり返しました！,I got back what was taken!,とられたもの、とり返したよ！,I got our stuff back!,とられたもの、とり返したよー,<PLEASE_TRANSLATE>,とられたもの、とり返したよ,<PLEASE_TRANSLATE>,とられたもの、とり返した,<PLEASE_TRANSLATE>,とられたもの、とり返しました！,<PLEASE_TRANSLATE>,とられたもの、とり返した！　まったくまったく......,<PLEASE_TRANSLATE>
safeLocation00,ここ、誰もいないみたい......安全そう,Looks like there's no one here...... Seems safe.,ここには誰もいないみたいです......<br>安全そう.......ほっ......,It looks like no one is here......<br>It seems safe....... Phew......,ここ、誰もいないっぽいね......安全確認、よし！,Looks like nobody's here......<br>All clear!,んー......ここは、誰もいないみたいだね<br>大丈夫そう、安全だよ,<PLEASE_TRANSLATE>,おー......？<br>......ここは、誰もおらんっぽい<br>安全よし！,<PLEASE_TRANSLATE>,ここ、誰もいないみたいだ......安全だと思う,<PLEASE_TRANSLATE>,ここ、誰もいないようですね......安全です,<PLEASE_TRANSLATE>,ここ、誰もいないっぽい！　安全かも！,<PLEASE_TRANSLATE>
arrivedLocation00,......ここが地図に書いてあった{0}だね,......So this is the {0} marked on the map.,......ここが地図に書いてあった{0}ですね,"......This is the {0} written on the map, right?",......ここが地図に書いてあった{0}だね！,......This is the {0} from the map!,......ここが地図に書いてあった{0}っぽいねー,<PLEASE_TRANSLATE>,......ここが地図の{0}っぽいね,<PLEASE_TRANSLATE>,......ここが地図に書いてあった{0}だ,<PLEASE_TRANSLATE>,......ここが地図に書いてあった{0}ですね,<PLEASE_TRANSLATE>,ここ、地図に書いてあった{0}っぽい！,<PLEASE_TRANSLATE>
arrivedPhotoLocation00,......ここが写真に写ってた{0}だね,......So this is the {0} in the photo.,......ここが写真に写ってた{0}ですね,"......This is the {0} from the photo, right?",......ここが写真に写ってた{0}だね！,......This is the {0} from the photo!,......ここが写真に写ってた{0}っぽいねー,<PLEASE_TRANSLATE>,......ここが写真に写ってた{0}っぽい,<PLEASE_TRANSLATE>,......ここが写真に写ってた{0}だ,<PLEASE_TRANSLATE>,......ここが写真に写っていた{0}ですね,<PLEASE_TRANSLATE>,ここ、写真に写ってた{0}っぽい！,<PLEASE_TRANSLATE>
confirmItemExchange00,<red>{0}</red>と、わたしの<red>{1}</red>、交換してくれるらしいけど......どうしよっか<br><button>交換</button>する？　<button>やめとく</button>？,They're willing to trade <red>{0}</red> for my <red>{1}</red>...... What should we do?<br><button>Trade</button>? Or <button>Leave it</button>?,<red>{0}</red>と、わたしの<red>{1}</red>、交換してくれるらしいです......ど、どうします......？<br><button>交換</button>します？　<button>やめときます</button>？,Apparently they'll trade <red>{0}</red> for my <red>{1}</red>...... Wh-what should we do......?<br>Should we <button>trade</button>? Or <button>leave it</button>?,<red>{0}</red>と、あたしの<red>{1}</red>、交換してくれるらしいよ。どーする？<br><button>交換</button>する？　<button>やめとく</button>？,Looks like they'll trade <red>{0}</red> for my <red>{1}</red>. What do you wanna do?<br>Wanna <button>trade</button>? Or <button>leave it</button>?,<red>{0}</red>と、アタシの<red>{1}</red>、交換してくれるらしいけど......どーする？<br><button>交換</button>する？　<button>やめとく</button>？,<PLEASE_TRANSLATE>,<red>{0}</red>と、うちの<red>{1}</red>、交換してくれるらしい......どうする？<br><button>交換</button>しとく？　<button>やめとく</button>？,<PLEASE_TRANSLATE>,<red>{0}</red>と、私の<red>{1}</red>、交換してくれるらしい......どうしようか<br><button>交換</button>する？　<button>やめとく</button>？,<PLEASE_TRANSLATE>,<red>{0}</red>と、私の<red>{1}</red>、交換してくれるそうですけど......どうしましょう？<br><button>交換</button>します？　<button>やめときます</button>？,<PLEASE_TRANSLATE>,<red>{0}</red>と、うちの<red>{1}</red>、交換してくれるらしいんすけど......ど、どうしよう......<br><button>交換</button>する？　<button>やめとく</button>っすか......？,<PLEASE_TRANSLATE>
showProduct00,<button>{0}</button>なら、{1}と......,If it's <button>{0}</button>， then for {1}......,<button>{0}</button>なら、{1}と......,"For <button>{0}</button>, we can get {1}......",<button>{0}</button>なら、{1}と......,"For <button>{0}</button>, we can get {1}......",<button>{0}</button>なら、{1}と,<PLEASE_TRANSLATE>,<button>{0}</button>なら、{1}と,<PLEASE_TRANSLATE>,<button>{0}</button>なら、{1}と......,<PLEASE_TRANSLATE>,<button>{0}</button>なら、{1}と......,<PLEASE_TRANSLATE>,<button>{0}</button>なら、{1}と......,<PLEASE_TRANSLATE>
confirmShopping00,交換してくれるって<br>今もってる絵具のチューブ、<red>{0}こ</red>だけど......どうする？<br>それとも、<button>やめとく</button>？,They'll trade for it.<br>I have <red>{0}</red> tubes of paint...... What should I do?<br>Or should I <button>Leave it</button>?,交換してくれるそうです......<br>今もってる絵具のチューブ、<red>{0}こ</red>ですけど......どうします？<br>それとも、<button>やめときます</button>？,Apparently they'll trade with us......<br>I have <red>{0}</red> tubes of paint right now...... What should we do?<br>Or should we <button>leave it</button>?,交換してくれるんだって！<br>今もってる絵具のチューブ、<red>{0}こ</red>だけど、どうする？<br>それとも、<button>やめとく</button>？,They'll trade with us!<br>I've got <red>{0}</red> tubes of paint right now. What do we do?<br>Or should we <button>leave it</button>?,交換してくれるってー<br>今もってる絵具のチューブ、<red>{0}こ</red>だけど、どーするー？<br>それとも、<button>やめとく</button>ー？,<PLEASE_TRANSLATE>,交換してくれるらしい<br>今もってる絵具のチューブ、<red>{0}こ</red>だけど、どうする？<br>それとも、<button>やめとく</button>？,<PLEASE_TRANSLATE>,交換してくれるらしい<br>今もってる絵具のチューブは、<red>{0}こ</red>......。どうする？<br>それとも、<button>やめとく</button>？,<PLEASE_TRANSLATE>,交換してくれるそうです<br>今もってる絵具のチューブ、<red>{0}こ</red>ですね......どうしましょう？<br>それとも、<button>やめときます</button>？,<PLEASE_TRANSLATE>,交換してくれるらしいっす<br>今もってる絵具のチューブ、<red>{0}こ</red>......どうしよう<br>や、<button>やめとく</button>......？,<PLEASE_TRANSLATE>
confirmShoppingMore00,他は？　どうする？　もう<button>やめとく</button>？,Anything else? What should I do? <button>Leave it</button>?,他には、あります......？　もう、<button>やめときます</button>？,Is there anything else......? Or should we <button>stop</button> already?,他は？　どする？　もー<button>やめとく</button>？,What else? What do we do? Wanna <button>stop</button> already?,他はー？　どーする？　もう<button>やめとく</button>？,<PLEASE_TRANSLATE>,他は？　どーする？　もう<button>やめとく</button>？,<PLEASE_TRANSLATE>,他は？　どうする？　もう<button>やめておく</button>？,<PLEASE_TRANSLATE>,他は？　何かありますか？　もう<button>やめときます</button>？,<PLEASE_TRANSLATE>,他は？　もう<button>やめとく</button>っすか......？,<PLEASE_TRANSLATE>
shoppingSuccess00,わかった。それ、交換してもらうね,Got it. I'll trade for that.,はい、じゃあ、それ交換してもらいます......,"Yes, then I'll trade for that......",おっけー！　じゃ、交換してもらおー,Okay! Then let's trade,おっけーい。じゃあ、交換してもらおう,<PLEASE_TRANSLATE>,おけい。じゃあ、交換してもらっとく,<PLEASE_TRANSLATE>,わかった。じゃあ、それを交換してもらうよ,<PLEASE_TRANSLATE>,わかりました。それ、交換してもらいますね,<PLEASE_TRANSLATE>,わかった！　それ、交換してもらうっす！,<PLEASE_TRANSLATE>
shoppingFailed00,それ......交換できるもの、もってなくない？,Don't I have anything I can trade for that......?,それ......交換できるもの、もってません......,I...... don't have anything we can trade for that......,それ、交換できるもの、もってなくない？,"You don't have anything we can trade for that, do you?",それ、交換できるもの、もってなくなーい？,<PLEASE_TRANSLATE>,それ、交換できるもん、もってなくない？,<PLEASE_TRANSLATE>,それ......交換できるもの、もってないよ,<PLEASE_TRANSLATE>,それ......交換できるものを持ってませんよね......,<PLEASE_TRANSLATE>,それ......こ、交換できるもの、もってないっす......,<PLEASE_TRANSLATE>
shoppingCountMax00,それ、もう持ってるくない？,Don't I already have that?,それ、もう持ってますよね......？,"You already have that, right......?",それ、もう持ってるよ？,"You've already got that, don't you?",それ、もう持ってるじゃん,<PLEASE_TRANSLATE>,それ、もう持っとるくない？,<PLEASE_TRANSLATE>,それ、もう持ってるから、いらないよ,<PLEASE_TRANSLATE>,それ、もう持ってませんか？,<PLEASE_TRANSLATE>,そ、それ、もう持ってるくないっすか......？,<PLEASE_TRANSLATE>
enterEnemyHouse00,うわ......！<br>ここ、感染者が集まってる......！<br>囲まれた......！,Whoa......!<br>The Infected are gathering here......!<br>We're surrounded......!,うわ......！<br>ここ、感染者が集まってます......！<br>囲まれちゃいました......うぅ......,Whoa......!<br>The Infected are gathering here......!<br>We're surrounded...... Ugh......,おっと......！<br>ここ、感染者が集まってる......！<br>囲まれちゃったよ......,Whoa......!<br>The Infected are gathering here......!<br>We're surrounded......,おーっと......<br>ここ、感染者が大集会してるよ......<br>囲まれちゃったねー......！,<PLEASE_TRANSLATE>,おーっと......？<br>ここ、感染者がうじゃうじゃだ......<br>いつの間にか囲まれとるね......,<PLEASE_TRANSLATE>,......！<br>ここ、感染者がたかってる......！<br>囲まれた......,<PLEASE_TRANSLATE>,わ......！<br>ここ、感染者がたくさんです......！<br>囲まれちゃいました......！,<PLEASE_TRANSLATE>,ぐわ......！<br>ここ、感染者が集まってる......！<br>囲まれた......！　やばい！　やめて！　痛いことしないで！,<PLEASE_TRANSLATE>
exitEnemyHouse00,......ふぅ<br>とりあえず、これで一段落かな......,......Phew.<br>I guess that's it for now......,......はぁぁ<br>とりあえず、これで一段落みたいです......,......Haaah<br>It looks like things have settled down for now......,......ふぅ！<br>とりあえず、これで一段落っぽい！,......Phew!<br>Looks like things have settled down for now!,......ふー<br>とりあえず、これで一段落かなー,<PLEASE_TRANSLATE>,......ふー<br>とりあえず、これで一段落かね......,<PLEASE_TRANSLATE>,......ふぅ<br>とりあえず、これで一段落か......,<PLEASE_TRANSLATE>,......ふぅ<br>ひとまず、これで一段落のようです......,<PLEASE_TRANSLATE>,......ふぅ<br>とりあえず、これで一段落かな......,<PLEASE_TRANSLATE>
confirmEnterBaseCamp00,ここ、広いし安全そう......<br>ここに車もってきて、ここで<button>キャンプする</button>？　<button>やめとく</button>？,It's spacious and looks safe here......<br>Should we bring the car here and <button>Set up camp</button>? Or <button>Leave it</button>?,ここ、広いし安全そうです......<br>ここに車もってきて、ここで<button>キャンプします</button>？　<button>やめときます</button>？,It's spacious and seems safe here......<br>Should we bring the car here and <button>camp</button> here? Or <button>leave it</button>?,ここ、広いし安全そ！<br>ここに車もってきて、ここで<button>キャンプする</button>？　それとも、<button>やめとく</button>？,"It's nice and spacious here, and seems safe!<br>Should we bring the car here and <button>camp</button>? Or <button>leave it</button>?",ここ、広いし安全そうだねー<br>ここに車もってきて、ここで<button>キャンプする</button>？　それとも、<button>やめとく</button>？,<PLEASE_TRANSLATE>,ここ、広いし安全そう<br>ここに車もってきて、ここで<button>キャンプする</button>？　それとも、<button>やめとく</button>？,<PLEASE_TRANSLATE>,ここ、広いし安全そうだ......<br>ここに車もってきて、ここで<button>キャンプする</button>？　<button>やめとく</button>？,<PLEASE_TRANSLATE>,ここ、広いし安全そうです......<br>ここに車もってきて、ここで<button>キャンプします</button>？　<button>やめときます</button>？,<PLEASE_TRANSLATE>,ここ、広いし安全そう！<br>ここに車もってきて、<button>キャンプする</button>っすか？　とりあえず<button>やめとく</button>？,<PLEASE_TRANSLATE>
enterBaseCamp00,......ふぅ<br>じゃ、ここまで車運転してくるね,......Phew.<br>Okay， I'll drive the car over here.,......ふぅ<br>じゃあ、今夜はここで過ごしましょう......,......Phew<br>Then let's spend the night here......,......ふぅ<br>じゃ、ここをキャンプ地とする！,"......Phew<br>Okay, this is our campsite now!",......ふぅ<br>じゃあ、ここに車もってこよー,<PLEASE_TRANSLATE>,......ふぅ<br>じゃあ、ここに車もってこよう,<PLEASE_TRANSLATE>,......ふぅ<br>じゃ、ここまで車運転してこよう,<PLEASE_TRANSLATE>,......ふぅ<br>では、ここまで車もってきましょうね,<PLEASE_TRANSLATE>,......ふぅ<br>じゃ、ここまで車運転してこよー,<PLEASE_TRANSLATE>
leaveBaseCamp00,ここはやめとこっか,Let's skip this place.,ここはやめときますね,Let's not stay here......,ここはやめとこっかー,Let's skip this place～,やめとこっかー,<PLEASE_TRANSLATE>,やめとこっか,<PLEASE_TRANSLATE>,ここはやめとこうか,<PLEASE_TRANSLATE>,ここはやめときましょうか,<PLEASE_TRANSLATE>,ここはやめとくっす！,<PLEASE_TRANSLATE>
selectionTakePhoto00,写真撮るの？<br>えーと......遠くに{0}が見えるけど、どれ撮る？　それとも、やっぱ<button>やめとく</button>？,Taking a picture?<br>Let's see...... I can see {0} in the distance. Which one should I take? Or should I <button>Skip it</button>?,写真撮るんですか......？<br>えーと......遠くに{0}が見えますけど、どれにします？　それとも、<button>やめときます</button>？,Are we taking a photo......?<br>Um...... I can see {0} in the distance...... Which one should we take? Or should we <button>leave it</button>?,お！　写真撮るの？<br>うーんとね......遠くに{0}が見えるけど、どれにする？　それとも、<button>やめとく</button>？,Oh! Taking a photo?<br>Hmm...... I can see {0} in the distance. Which one should we take? Or should we <button>leave it</button>?,写真撮るのー？<br>えーと......遠くに{0}が見えるけど、どれ撮るー？　それとも、<button>やめとく</button>？,<PLEASE_TRANSLATE>,写真撮るん？<br>あーっと......遠くに{0}が見えとるけど、どれ撮るん？　それとも、<button>やめとく</button>？,<PLEASE_TRANSLATE>,写真？<br>......遠くに{0}が見えるけど、どれ撮る？　それとも、やっぱり<button>やめとく</button>？,<PLEASE_TRANSLATE>,写真撮るんですか？<br>ええと......遠くに{0}が見えますね。どれ撮りましょう？　それとも、やっぱり<button>やめときます</button>？,<PLEASE_TRANSLATE>,え、写真撮る？<br>えーと......遠くに{0}が見えるけど、どれを......？　それとも、やっぱ<button>やめとく</button>っすか......？　あんま自信ないっすけど......,<PLEASE_TRANSLATE>
takePhoto00,おっけ<br>......写真、撮っといたよ,Okay.<br>......Got the picture.,わかしました<br>......写真、撮りました,Okay<br>......I took the photo,任せて！<br>......撮っといたー,Leave it to me!<br>......Got it～,おっけーい<br>......撮っといたよー,<PLEASE_TRANSLATE>,おけい<br>......撮っといた,<PLEASE_TRANSLATE>,わかった<br>......写真、撮ったよ,<PLEASE_TRANSLATE>,はい！<br>......写真、撮りました！,<PLEASE_TRANSLATE>,わ、わかったっす！　やるしかない......<br>......<br>......写真、撮っといたっす。芸術性は求めないでほしい！,<PLEASE_TRANSLATE>
takePhotoCancel00,わかった。やめとくね,Got it. I'll skip it.,わかりました、やめときます,"I understand, we'll skip it",えー？　そっかー<br>じゃあ、やめとくー,"Huh? Oh, okay～<br>Then we'll skip it～",おっけー。やめとこ,<PLEASE_TRANSLATE>,おっけー。やめとく,<PLEASE_TRANSLATE>,わかった。やめとこう,<PLEASE_TRANSLATE>,わかりました。やめときましょう,<PLEASE_TRANSLATE>,はい！　撮りません！　センスないし！,<PLEASE_TRANSLATE>
takePhotoNoFilm00,え？　フィルム、持ってなくない？,Huh? Don't we have any film?,えと......フィルム、持ってないです......,Um...... I don't have any film......,えー？　カメラはあるけど、フィルムがないよー,"Huh? We've got a camera, but no film～",んー？　フィルム持ってないんだなー,<PLEASE_TRANSLATE>,んー？　フィルム持っとらんね,<PLEASE_TRANSLATE>,......？　フィルム、持ってないよ,<PLEASE_TRANSLATE>,え？　フィルムがないみたいですけど......,<PLEASE_TRANSLATE>,え......フィルム、持ってなくないっすか......？　ご、ごめんなさい......,<PLEASE_TRANSLATE>
confirmUseHeal00,......ちょっと痛むな......<br>{0}、<button>使って</button>もいい？　<button>だめ</button>？,......It hurts a little......<br>Can I <button>Use</button> {0}? <button>Not</button>?,うう......<br>あの......{0}、<button>使って</button>もいいです......？　<button>だめ</button>ですか......？,Ugh......<br>Um...... Can I <button>use</button> {0}......? Is that...... <button>not okay</button>?,いたいなー......<br>{0}、<button>使っちゃって</button>もいい？　<button>だめ</button>ー？,"Oww, that hurts......<br>Can I <button>use</button> {0}? Or is that a <button>no</button>～?",うーん......痛む......<br>{0}、<button>使って</button>もよい？　<button>だめ</button>？,<PLEASE_TRANSLATE>,うー......痛む......<br>{0}、<button>使って</button>いい？　<button>だめ</button>かね,<PLEASE_TRANSLATE>,......ちょっと痛む......<br>{0}、<button>使って</button>いい？　<button>だめ</button>？,<PLEASE_TRANSLATE>,......ちょっと痛みますね......<br>{0}、<button>使って</button>もいいです？　<button>だめ</button>でしょうか？,<PLEASE_TRANSLATE>,......ちょっと痛むかも......<br>{0}、<button>使って</button>もいいっすか......？　だ、<button>だめ</button>......？,<PLEASE_TRANSLATE>
confirmUseFood00,お腹空いた......<br>{0}、<button>食べて</button>もいい？　<button>だめ</button>？,I'm hungry......<br>Can I <button>Eat</button> {0}? <button>Not</button>?,えーと......<br>{0}、<button>食べて</button>もいいです......？　<button>だめ</button>ですか......？,Um......<br>Can I <button>eat</button> {0}......? Is that...... <button>not okay</button>?,お腹空いたー！<br>{0}、<button>食べて</button>いーい？　<button>だめ</button>ー？,I'm hungry～!<br>Can I <button>eat</button> {0}? Or is that a <button>no</button>～?,お腹、空いたなー<br>{0}、<button>食べて</button>いい？　　<button>だめ</button>？,<PLEASE_TRANSLATE>,お腹空いてきた......<br>{0}、<button>食べて</button>よい？　　<button>だめ</button>かね,<PLEASE_TRANSLATE>,お腹空いた......<br>{0}、<button>食べて</button>いい？　<button>だめ</button>？,<PLEASE_TRANSLATE>,お腹空いちゃいました......<br>{0}、<button>食べて</button>もいいでしょうか？　<button>だめ</button>です......？,<PLEASE_TRANSLATE>,お、お腹空いたなー......とか......言ってみたり......<br>......{0}、<button>食べて</button>もいいっすか？　だ、<button>だめ</button>......？,<PLEASE_TRANSLATE>
searchNextDestination00,さて......,Well......,えと......,Um......,さーて！,Soo!,さてさて......,<PLEASE_TRANSLATE>,はて......,<PLEASE_TRANSLATE>,......さて,<PLEASE_TRANSLATE>,さて......,<PLEASE_TRANSLATE>,さてさてさて......,<PLEASE_TRANSLATE>
findNextDestination00,{0}件くらい先に、{1}と......,About {0} places ahead， there's {1}......,{0}件くらい先に、{1}と......,"About {0} places ahead, I can see {1} and......",{0}件くらい先に、{1}と......,"About {0} places ahead, I can see {1} and......",{0}件くらい先に、{1}と......,<PLEASE_TRANSLATE>,{0}件くらい先に、{1}と......,<PLEASE_TRANSLATE>,{0}件くらい先に、{1}と......,<PLEASE_TRANSLATE>,{0}件くらい先に、{1}と......,<PLEASE_TRANSLATE>,{0}件くらい先に、{1}と......,<PLEASE_TRANSLATE>
findNextDestinationLast00,{0}件くらい先に、{1}が見えるけど......,I can see {1} about {0} places ahead......,{0}件くらい先に、{1}が見えます......,I can see {1} about {0} places ahead......,{0}件くらい先に、{1}が見えるねー,I can see {1} about {0} places ahead～,{0}件くらい先に、{1}が、見えるけど......,<PLEASE_TRANSLATE>,{0}件くらい先に、{1}が、見えとるけど......,<PLEASE_TRANSLATE>,{0}件くらい先に、{1}が見える......,<PLEASE_TRANSLATE>,{0}件くらい先に、{1}が見えますね......,<PLEASE_TRANSLATE>,{0}件くらい先に、{1}が見えるっす......,<PLEASE_TRANSLATE>
checkNextDestination00,どこ目指してみる？,Where should we head?,どこ目指してみます......？,Where should we head for......?,どこ、目指してみる？,Where should we head for?,どこ目指してみるー？,<PLEASE_TRANSLATE>,どこ目指しとく？,<PLEASE_TRANSLATE>,どこ、目指してみる？,<PLEASE_TRANSLATE>,どこ目指してみましょう？,<PLEASE_TRANSLATE>,どこ目指してみるっすか......？,<PLEASE_TRANSLATE>
arrivedNextDestination00,ここが、目指してた{0}だね......,So this is the {0} we were aiming for......,ここが、目指してた{0}ですね......,This is the {0} we were heading for......,ここが、目指してた{0}だねー,This is the {0} we were aiming for～,ここが、目指してた{0}っぽいねー,<PLEASE_TRANSLATE>,ここが目指しとった{0}っぽいねー,<PLEASE_TRANSLATE>,ここが、目指してた{0}だ......,<PLEASE_TRANSLATE>,ここが、目指してた{0}ですね......,<PLEASE_TRANSLATE>,ここが、目指してた{0}っぽい！,<PLEASE_TRANSLATE>
fishingAvailable00,ここ、釣りできそう......<br>釣り竿とかあれば......,Looks like we could fish here......<br>If we had a fishing rod or something......,あ......ここ、釣りできそうです......<br>釣り竿とかあれば......,Ah...... We could fish here......<br>If we had a fishing rod......,お！　ここ、釣りできそう！<br>釣り竿とかあれば！,Oh! Looks like we can fish here!<br>If we had a fishing rod!,ここ、釣りできそうだね<br>釣り竿とか、あればだけど......,<PLEASE_TRANSLATE>,ここ、釣りできそう<br>釣り竿とか、あればね......,<PLEASE_TRANSLATE>,ここ、釣りできそう......<br>......釣り竿とかあれば,<PLEASE_TRANSLATE>,ここ、釣りできそう.です..<br>釣り竿とか、あったら、ですけど......,<PLEASE_TRANSLATE>,ここ、釣りできるかも！<br>釣り竿とかあれば！<br>あと、うちにセンスがあれば！,<PLEASE_TRANSLATE>
fishingStart00,釣り、してみる......<br>......<br>............<br>........................,I'll try fishing......<br>......<br>............<br>........................,釣り、してみます......<br>......<br>............<br>........................,I'll try fishing......<br>......<br>............<br>........................,釣り、してみるよ！<br>......<br>............<br>........................,I'm gonna try fishing!<br>......<br>............<br>........................,釣り、してみるよ<br>......<br>............<br>........................,<PLEASE_TRANSLATE>,釣り、やってみよ<br>......<br>............<br>........................,<PLEASE_TRANSLATE>,釣りしてみる......<br>......<br>............<br>........................,<PLEASE_TRANSLATE>,釣り、してみます......<br>......<br>............<br>........................,<PLEASE_TRANSLATE>,釣り、してみるっす......釣れなくても怒らないで......<br>......<br>............<br>........................,<PLEASE_TRANSLATE>
fishingSuccess00,お......<br><button>{0}</button>が釣れた<br>やったね,Oh......<br>I caught <button>{0}</button>.<br>Nice.,わ......<br><button>{0}</button>が釣れました......！<br>すごい元気......,Whoa......<br>I caught <button>{0}</button>......!<br>It's really lively......,お......！<br><button>{0}</button>が釣れた！<br>やったー！,Oh......!<br>I caught a <button>{0}</button>!<br>Yes～!,お......<br><button>{0}</button>が釣れたー<br>やったねー,<PLEASE_TRANSLATE>,お......<br><button>{0}</button>が釣れたー<br>やったー,<PLEASE_TRANSLATE>,お......<br><button>{0}</button>が釣れた<br>よし,<PLEASE_TRANSLATE>,あ......！<br><button>{0}</button>が釣れました！<br>楽しい！,<PLEASE_TRANSLATE>,おおお......！<br><button>{0}</button>が釣れた！<br>天才かも！　うち！,<PLEASE_TRANSLATE>
fishingSuccessGarbage00,あ......<br><button>{0}</button>、釣れた......<br>......まぁ、拾っとこ......,Ah......<br>I caught <button>{0}</button>......<br>......Well， might as well pick it up......,あ......<br><button>{0}</button>が釣れました......<br>......拾っときますね,Ah......<br>I caught <button>{0}</button>......<br>......I'll pick it up,あ......<br><button>{0}</button>、釣れた！<br>拾っとこ！,Ah......<br>I caught a <button>{0}</button>!<br>I'll pick it up!,あ......<br><button>{0}</button>、釣れたー<br>拾っとこー,<PLEASE_TRANSLATE>,あ......<br><button>{0}</button>、釣れたー<br>拾っとこう,<PLEASE_TRANSLATE>,あ......<br><button>{0}</button>、釣れた......<br>......まぁ、拾っておこう,<PLEASE_TRANSLATE>,あ......<br><button>{0}</button>、釣れました！<br>......これも、もらっていきましょうね,<PLEASE_TRANSLATE>,あ......<br><button>{0}</button>、釣れた......<br>......ま、まぁ、拾っとこっかな......,<PLEASE_TRANSLATE>
fishingFailed00,んー......<br>なんも釣れない......<br>このくらいにしとこ......,Hmm......<br>Nothing's biting......<br>Let's call it a day......,うーん......<br>なんにも釣れないです......<br>このくらいにしときますね......,Hmm......<br>I didn't catch anything......<br>I think I'll stop here for now......,んー......<br>なんも釣れないねー<br>くやしーけど、このくらいにしとこっかー,"Hmm......<br>Nothing's biting～<br>It's a bummer, but let's call it here～",んんー......<br>なんも釣れないなー<br>ま、このくらいにしとこっかー,<PLEASE_TRANSLATE>,んー......<br>なんも釣れんなー<br>ま、こんくらいにしとこっか,<PLEASE_TRANSLATE>,......<br>何も釣れないな......<br>このくらいにしておこう,<PLEASE_TRANSLATE>,うーん......<br>釣れません......<br>このくらいであきらめましょう......,<PLEASE_TRANSLATE>,......<br>なんも釣れない......<br>センスないかも......ぴえん......,<PLEASE_TRANSLATE>
itemCraft00,えっと......<br>......<br>............<br>よし<br><button>{0}</button>、つくったよ,Let's see......<br>......<br>............<br>Okay.<br>I made <button>{0}</button>.,えと......<br>......<br>............<br>よし......<br><button>{0}</button>、つくりました......,Um......<br>......<br>............<br>Okay......<br>I made <button>{0}</button>......,よっと..<br>......<br>............<br>よし！<br><button>{0}</button>、つくったよ！,Hup..<br>......<br>............<br>Okay!<br>I made <button>{0}</button>!,よいしょっと......<br>......<br>............<br>よーし<br><button>{0}</button>、つくったよー,<PLEASE_TRANSLATE>,よいしょっと......<br>......<br>............<br>よーし<br><button>{0}</button>、つくったよー,<PLEASE_TRANSLATE>,......<br>............<br>......よし<br><button>{0}</button>、つくった,<PLEASE_TRANSLATE>,ええと......<br>......<br>............<br>よし<br><button>{0}</button>、つくりました！　完成です,<PLEASE_TRANSLATE>,え、えっと......<br>......<br>............<br>よし！<br><button>{0}</button>、できた！　我ながらセンスある！　天才！,<PLEASE_TRANSLATE>
selectionCraft00,んー......<br>{0}なら、つくれそうだけど<br>どれつくる？　<button>やめとく</button>？,Hmm......<br>Looks like I could make something with {0}.<br>What should I make? Or <button>Leave it</button>?,えーっと......<br>{0}なら、つくれそうですけど......<br>どれつくります？　<button>やめときます</button>？,Um......<br>It looks like I could make {0}......<br>Which one should I make? Or should we <button>leave it</button>?,んーと！<br>{0}なら、つくれそうだけど<br>どれつくるー？　それとも<button>やめとく</button>？,Lemme see!<br>Looks like I could make {0}<br>Which one should I make～? Or <button>leave it</button>?,んー......<br>{0}なら、つくれそうだけど<br>どれつくる？　<button>やめとく</button>？,<PLEASE_TRANSLATE>,あー......<br>{0}なら、つくれそうかもだけど<br>どれつくっとく？　<button>やめとく</button>？,<PLEASE_TRANSLATE>,そうだな......<br>{0}なら、つくれそうだ<br>どれつくる？　<button>やめとく</button>？,<PLEASE_TRANSLATE>,うーん......<br>{0}なら、つくれそうです！<br>どれつくりましょう？　それとも<button>やめときます</button>？,<PLEASE_TRANSLATE>,えー......<br>{0}なら、つくれそうかも！<br>どれつくるっすか？　とりあえず<button>やめとく</button>？,<PLEASE_TRANSLATE>
selectionCraftFailed00,んー......<br>何かつくれそうだけど、手持ちの材料じゃ難しそうかな......,Hmm......<br>Looks like I could make something， but I don't think I have the right materials......,うーん......<br>何かつくれそうですけど、手持ちの材料じゃ難しいですかね......,"Hmm......<br>It looks like I could make something, but maybe I don't have the right materials......",んー<br>何かつくれそうだけど、手持ちの材料じゃ難しそうかなー,"Hmm<br>Looks like I could make something, but maybe I don't have the right materials～",んんー......<br>何かつくれそうだけど、手持ちの材料じゃ難しいかなー,<PLEASE_TRANSLATE>,んんー......<br>何かつくれそうかもだけど、手持ちの材料じゃムズイねー,<PLEASE_TRANSLATE>,そうだな......<br>何かつくれそうだけど、手持ちの材料じゃ厳しいな,<PLEASE_TRANSLATE>,うーん......<br>何かつくれそうなんですけど、手持ちの材料じゃ、ちょっと難しいですね......,<PLEASE_TRANSLATE>,えー......<br>何かつくれそうだけど、手持ちの材料じゃ難しいっす......す、すいません......許して......,<PLEASE_TRANSLATE>
itemAddAccessory00,{0}に、{1}、使ったよ,I used {1} on {0}.,{0}に、{1}、使いました！,I used {1} on {0}!,{0}に、{1}、使ったよ！,Used {1} on {0}!,{0}に、{1}、使ったー,<PLEASE_TRANSLATE>,{0}に、{1}、使ったよ,<PLEASE_TRANSLATE>,{0}に、{1}、使った,<PLEASE_TRANSLATE>,{0}に、{1}、使いました！,<PLEASE_TRANSLATE>,{0}に、{1}、使った！,<PLEASE_TRANSLATE>
itemAddVariable00,{0}に、{1}、使ったよ,I used {1} on {0}.,{0}に、{1}、使いました！,I used {1} on {0}!,{0}に、{1}、使ったよ！,Used {1} on {0}!,{0}に、{1}、使ったー,<PLEASE_TRANSLATE>,{0}に、{1}、使ったよ,<PLEASE_TRANSLATE>,{0}に、{1}、使った,<PLEASE_TRANSLATE>,{0}に、{1}、使いました！,<PLEASE_TRANSLATE>,{0}に、{1}、使った！,<PLEASE_TRANSLATE>
selectionTargetItem00,えーと......<br>{0}になら使えそうだけど、どうする？　<button>やめとく</button>？,Let's see......<br>Looks like I could use it on {0}. What should I do? <button>Leave it</button>?,えと......<br>{0}になら使えそうです......どうします？　<button>やめときます</button>？,Um......<br>I think we could use it on {0}...... What should we do? Or should we <button>leave it</button>?,んーっと......<br>{0}になら使えそうだけど、どうするー？　<button>やめとく</button>？,Hmm......<br>Looks like we could use it on {0}. What do we do～? Or <button>leave it</button>?,んー......<br>{0}になら使えそうだけど、どーする？　<button>やめとく</button>？,<PLEASE_TRANSLATE>,えー......<br>{0}になら使えそう、かな。どうする？　<button>やめとく</button>？,<PLEASE_TRANSLATE>,あー......<br>{0}になら使えそう。どうする？　<button>やめとく</button>？,<PLEASE_TRANSLATE>,えーと......<br>{0}になら使えそうです。どうします？　<button>やめときます</button>？,<PLEASE_TRANSLATE>,え、ええと......<br>{0}になら使えるかもっす......いったん<button>やめとく</button>......？,<PLEASE_TRANSLATE>
selectionTargetItemFailed00,えーと......<br>手持ちのものには、使えそうにない、かな,Let's see......<br>I don't think I can use it on anything I have.,えと......<br>手持ちのものには、使えそうにない、ですかね......,Um......<br>I don't think we have anything we can use it on......,んーっと......<br>手持ちのものには、使えそうにない、かな？,"Hmm......<br>Doesn't look like we can use it on anything we're carrying, huh?",んー......<br>手持ちのものには、使えそうにないかなー,<PLEASE_TRANSLATE>,えー......<br>手持ちのものには、使えそうになくない？,<PLEASE_TRANSLATE>,あー......<br>手持ちのものには、使えないと思う,<PLEASE_TRANSLATE>,えーと......<br>手持ちのものには、使えそうにない、ですかね？,<PLEASE_TRANSLATE>,え、ええと......<br>手持ちのものには、使えそうにない......かな......？<br>う、うち、悪くないよね......？,<PLEASE_TRANSLATE>
confirmUnequip00,{0}......もう装備してるけど<br><button>このまま</button>でいい？　それとも、<button>はずす</button>？,{0}...... I'm already equipped with it.<br><button>Keep it</button> As is? Or <button>Take it off</button>?,{0}......あの、もう装備してます......<br><button>このまま</button>でいいです？　それとも<button>はずします</button>か？,"{0}...... Um, you're already wearing it......<br>Should we leave it <button>as is</button>? Or <button>take it off</button>?",{0}......もう装備してるよ？<br><button>このまま</button>でい？　それとも<button>はずす</button>？,"{0}...... You're already wearing it, though?<br>Leave it <button>as is</button>? Or <button>take it off</button>?",えー？　{0}、もう装備してるけど？<br><button>このまま</button>でいい？　それとも<button>はずす</button>ー？,<PLEASE_TRANSLATE>,え......{0}、もう装備しとるけど？<br><button>このまま</button>でよい？　それとも<button>はずす</button>ってこと？,<PLEASE_TRANSLATE>,{0}......もう装備してるけど<br><button>このまま</button>？　それとも、<button>はずす</button>？,<PLEASE_TRANSLATE>,{0}......もう装備してますよ<br><button>このまま</button>でいいです？　それとも、<button>はずします</button>？,<PLEASE_TRANSLATE>,{0}......も、もう装備してるっす......<br><button>このまま</button>でいいってこと......？　それとも、<button>はずす</button>ってこと......？,<PLEASE_TRANSLATE>
inaudible00,え......<br>そんなの聞こえた？,Huh......<br>Did you hear that?,え......<br>そんなの聞こえました......？,Huh......<br>Did you hear something like that......?,え？<br>そんなの聞こえた？,Huh?<br>Did you hear something like that?,えー<br>そんなの聞こえたー？,<PLEASE_TRANSLATE>,ん......<br>そんなの聞こえた？,<PLEASE_TRANSLATE>,......<br>そんなの聞こえた？,<PLEASE_TRANSLATE>,え......<br>そんなの聞こえました？,<PLEASE_TRANSLATE>,え......<br>そんなの聞こえた......？,<PLEASE_TRANSLATE>
inaudible01,......<br>幻聴じゃない......？,......<br>Was that just my imagination......?,......<br>幻聴、かも、しれないです......？,......<br>Maybe...... it was just an auditory hallucination......?,うーん<br>幻聴じゃなーい？,Hmm<br>Maybe you're hearing things～?,......<br>幻聴じゃない？,<PLEASE_TRANSLATE>,......<br>幻聴では..？,<PLEASE_TRANSLATE>,......<br>......幻聴じゃない？,<PLEASE_TRANSLATE>,......<br>幻聴じゃないよね......？,<PLEASE_TRANSLATE>,......<br>げ、幻聴では......？,<PLEASE_TRANSLATE>
inaudible02,うーん......<br>聞こえたような、聞こえてないような......,Hmm......<br>I feel like I heard something， but maybe I didn't......,ええと......<br>聞こえたような、聞こえてないような......？,Um......<br>I feel like I heard something...... but maybe I didn't......?,うーん......<br>聞こえたような、聞こえてないような？,"Hmm......<br>Feels like I heard something, but maybe I didn't?",うーん......<br>聞こえたような、聞こえてないような,<PLEASE_TRANSLATE>,んー......<br>聞こえたような、聞こえてないような......,<PLEASE_TRANSLATE>,......<br>聞こえたような、聞こえてないような,<PLEASE_TRANSLATE>,うーん......<br>聞こえたような、聞こえてないような......？,<PLEASE_TRANSLATE>,うーん......<br>聞こえたような、聞こえてないような......？,<PLEASE_TRANSLATE>
inaudible03,......？<br>そんなの、聞こえた......？,......?<br>Did you hear that......?,......？<br>そんなの、聞こえました......？,......?<br>Did you hear something like that......?,？<br>そんなの、聞こえた？,?<br>Did you hear something like that?,えー？<br>そんなの、聞こえた？,<PLEASE_TRANSLATE>,？<br>そんなの、聞こえた......？,<PLEASE_TRANSLATE>,......？<br>そんなの、聞こえた？,<PLEASE_TRANSLATE>,......？<br>そんなの、聞こえましたか......？,<PLEASE_TRANSLATE>,......？<br>そんなの、聞こえた......？,<PLEASE_TRANSLATE>
inaudible04,......そんな気もするけど<br>空耳のような気もする......,......I feel like I heard something，<br>but maybe it was just my imagination......,......そんな気もします、けど<br>空耳のような気も......,"......I feel like maybe I did, but<br>it might have just been my imagination......",そんな気もするけど......<br>空耳のような気もする！,Feels like it......<br>But maybe it was just your imagination!,......そんな気もするけど<br>空耳のような気もする......なー,<PLEASE_TRANSLATE>,......そんな気もするけど<br>空耳のような気もするね,<PLEASE_TRANSLATE>,......そんな気もするけど<br>空耳のような気もする,<PLEASE_TRANSLATE>,......そんな気もしますけど<br>空耳のような気もしますね......,<PLEASE_TRANSLATE>,......そんな気もするけど<br>空耳のような気も......,<PLEASE_TRANSLATE>
earlyExit00,......<br>......ごめん<br>今日は......もう<br>......帰らせて,......<br>......Sorry.<br>Today...... I'm done.<br>......I wanna go home.,......<br>ごめんなさい......<br>今日は......<br>もう......帰らせてください......,......<br>I'm sorry......<br>Today......<br>I'd like to...... go home now......,......<br>......ごめん<br>今日は......<br>......もう、帰る,......<br>......Sorry<br>Today......<br>......I'm going home,......<br>......ごめん<br>今日は......<br>......もう、帰らせて,<PLEASE_TRANSLATE>,......<br>......ごめん<br>今日は......<br>......帰るよ,<PLEASE_TRANSLATE>,......<br>......ごめん<br>今日は......もう<br>......帰らせて,<PLEASE_TRANSLATE>,......<br>......ごめんなさい<br>今日は......もう<br>......帰らせてください,<PLEASE_TRANSLATE>,......<br>......ごめん<br>今日は......もう<br>......帰らせて,<PLEASE_TRANSLATE>
confused00,......<br>............<br>......ううん<br>ごめん<br>......なんでもない<br>......,......<br>............<br>......No.<br>Sorry.<br>......It's nothing.<br>......,......<br>............<br>......いえ<br>ごめんなさい<br>......なんでもないです<br>......,......<br>............<br>......No<br>I'm sorry<br>......It's nothing<br>......,......<br>......ごめん<br>......<br>......なんでも、ない,......<br>......Sorry<br>......<br>......It's nothing,......<br>............<br>......ううん<br>ごめん<br>......なんでもないよ<br>......,<PLEASE_TRANSLATE>,......<br>............<br>......ううん<br>ごめん<br>......別に、なんでもない<br>......,<PLEASE_TRANSLATE>,......<br>............<br>......いや<br>ごめん<br>......なんでもない<br>......,<PLEASE_TRANSLATE>,......<br>............<br>......いえ<br>ごめんなさい<br>......なんでもないです<br>......,<PLEASE_TRANSLATE>,......<br>............<br>......ううん<br>ごめん<br>......なんでもないっす<br>......,<PLEASE_TRANSLATE>
confused01,......<br>......ねぇ<br>......<br>やっぱり<br>......いいや<br>......,......<br>......Hey......<br>......<br>Actually......<br>......Never mind.<br>......,......<br>......あの<br>......<br>いえ<br>......ごめんなさい<br>......,......<br>......Um<br>......<br>No<br>......I'm sorry<br>......,......<br>......あのさ<br>......<br>あー......<br>やっぱ、なんでもない<br>......,"......<br>......Hey<br>......<br>Ah......<br>Never mind, it's nothing<br>......",......<br>......あー<br>......<br>うーん......<br>や、なんでもない<br>......,<PLEASE_TRANSLATE>,......<br>......ええと<br>......<br>うーん......<br>や、なんでもない<br>......,<PLEASE_TRANSLATE>,......<br>......ねぇ<br>......<br>......ううん<br>なんでもない<br>......,<PLEASE_TRANSLATE>,......<br>......あの<br>......<br>......ううん<br>なんでもないです<br>......,<PLEASE_TRANSLATE>,......<br>......ねぇ<br>......<br>やっぱり<br>......や、いいや<br>......,<PLEASE_TRANSLATE>
confused02,......<br>............<br>......はぁ<br>......,......<br>............<br>......Haaah.<br>......,......<br>............<br>......ふぅ<br>......,......<br>............<br>......Phew<br>......,......<br>............<br>......あーあ<br>......,"......<br>............<br>......Oh, man<br>......",......<br>............<br>......はぁあ<br>......,<PLEASE_TRANSLATE>,......<br>............<br>......はぁ<br>......,<PLEASE_TRANSLATE>,......<br>............<br>......はぁ<br>......,<PLEASE_TRANSLATE>,......<br>............<br>......ふぅぅ<br>......,<PLEASE_TRANSLATE>,......<br>............<br>......はぁぁぁぁ<br>......,<PLEASE_TRANSLATE>
useTrap00,{0}、仕掛けてくるね<br>......<br>............<br>........................<br>よし<br>これで、もう大丈夫,{0}'s setting something up......<br>......<br>............<br>........................<br>Okay.<br>That should do it.,{0}、仕掛けてみます......<br>......<br>............<br>........................<br>よ、よし......<br>これで、もう大丈夫です,I'll set up {0}......<br>......<br>............<br>........................<br>O-okay......<br>That should do it now,{0}、仕掛けてくるね！<br>......<br>............<br>........................<br>よーし！<br>これで、もう大丈夫,I'll set up {0}!<br>......<br>............<br>........................<br>Okay!<br>We're all set now,{0}、仕掛けてくるー<br>......<br>............<br>........................<br>よーし<br>これで、もう大丈夫,<PLEASE_TRANSLATE>,{0}、仕掛けてくるよ<br>......<br>............<br>........................<br>これで、もう大丈夫でしょ<br>ヨシ！,<PLEASE_TRANSLATE>,{0}、仕掛けてくる<br>......<br>............<br>........................<br>よし<br>これで、もう大丈夫,<PLEASE_TRANSLATE>,{0}、仕掛けてきますね<br>......<br>............<br>........................<br>よし<br>これで、もう大丈夫です,<PLEASE_TRANSLATE>,{0}、仕掛けてくるね<br>......<br>............<br>........................<br>よし<br>これで、もう大丈夫,<PLEASE_TRANSLATE>
requireFuel00,んー......<br>外出られるけど、<red>車の燃料</red>、探さないと......,Hmm......<br>We can get out， but we need to find <red>fuel for the car</red> first......,んー......<br>外出られますけど......<red>車の燃料</red>、探しておいた方が......,"Hmm......<br>We can go outside, but...... We should probably look for <red>car fuel</red>......",んー......<br>外出られるけど、<red>車の燃料</red>、探した方がよくなーい？,"Hmm......<br>We can go outside, but shouldn't we look for <red>car fuel</red> first?",んー......<br>外出られるけど、<red>車の燃料</red>ないと車動かせないよ,<PLEASE_TRANSLATE>,んー......<br>外出られるけど、<red>車の燃料</red>、探さないとじゃない？,<PLEASE_TRANSLATE>,ん......<br>外出られるけど、<red>車の燃料</red>が必要だ,<PLEASE_TRANSLATE>,んー......<br>外出られるけど、<red>車の燃料</red>がないといけませんよね......,<PLEASE_TRANSLATE>,んー......<br>外出られるけど、<red>車の燃料</red>、探さないとっす......,<PLEASE_TRANSLATE>
exchangeItem00,えーと......<br><red>{0}</red>をしまって......<br><button>{1}</button>、荷物に入れとくね,Let's see......<br>I'll put away <red>{0}</red>......<br>I'll put <button>{1}</button> in my bag.,えと......<br><red>{0}</red>をしまって......<br><button>{1}</button>、荷物に入れときます！,Um......<br>I'll put away <red>{0}</red>......<br>I'll put <button>{1}</button> in my bag!,えーと......？<br><red>{0}</red>、しまった！<br><button>{1}</button>、荷物に入れとく！,Umm......?<br>I put away <red>{0}</red>!<br>I'll put <button>{1}</button> in the bag!,んーっと......<br><red>{0}</red>をしまって......<br><button>{1}</button>、荷物に入れとくよ,<PLEASE_TRANSLATE>,んー......<br><red>{0}</red>、しまって......<br><button>{1}</button>、荷物に入れとく,<PLEASE_TRANSLATE>,えーと<br><red>{0}</red>をしまって<br><button>{1}</button>、荷物に入れとくから,<PLEASE_TRANSLATE>,えーと......？<br><red>{0}</red>をしまって......<br><button>{1}</button>、荷物に入れときますね,<PLEASE_TRANSLATE>,こそこそ......<br>えーと......<red>{0}</red>、いただいて......<br>代わりに<button>{1}</button>、入れとこ......<br>こそこそ......<br>ばれませんよーに......,<PLEASE_TRANSLATE>
-,,,,,,,,,,,,,,,,
